STA,Station Name,Elevation,Latitude,Longitude,Nearby City,Hydro #,Basin #,Owner,Maintenance,Operator,Map #,Collect #,County Name,Basin Name,Agency Name,Hydro Area,Sensor1,sensor2,sensor3,Sensor4,Sensor5,Sensor6,Sensor7,Sensor8,Sensor9,Sensor10,Sensor11,Sensor12,Sensor13,Sensor14,Sensor15,Sensor16,Sensor17,Sensor18,Sensor19,Sensor20,Sensor21,,,
ABA,ARROYO DEL HAMBRE,800,37.977,-122.178,MARTINEZ,2,2001,999,999,107,21,23,CONTRA COSTA,EAST BAY,Contra Costa County,SAN FRANCISCO BAY,16,,,,,,,,,,,,,,,,,,,,,,,
ACC,ALAMEDA CK BL CALAVERAS CK NR SUNOL CA,430,37.504,-121.824,SUNOL,2,2101,999,999,58,23,2,SANTA CLARA,ALAMEDA CR,US Geological Survey,SAN FRANCISCO BAY,1,14,,,,,,,,,,,,,,,,,,,,,,
ACD,ALAMEDA CK ABOVE DIV DAM NR SUNOL CA,930,37.49743652,-121.7735672,SUNOL,2,2101,999,999,58,23,0,SANTA CLARA,ALAMEDA CR,US Geological Survey,SAN FRANCISCO BAY,1,14,25,,,,,,,,,,,,,,,,,,,,,
ACM,ARROYO CORTE MADERA DEL PRESIDIO,3,37.898,-122.535,MILL VALLEY,2,2801,999,999,121,22,0,MARIN,SF BAY,Marin County,SAN FRANCISCO BAY,16,,,,,,,,,,,,,,,,,,,,,,,
ACZ,ALHAMBRA CREEK AT D STREET,59,38.00339914,-122.1296688,MARTINEZ,2,2001,999,999,107,15,23,CONTRA COSTA,EAST BAY,Contra Costa County,SAN FRANCISCO BAY,1,,,,,,,,,,,,,,,,,,,,,,,
ALC,ALAMO CREEK AT PLEASANTS VALLEY ROAD,259,38.37409,-122.024987,VACAVILLE,2,2801,221,221,221,0,99,SOLANO,SF BAY,Solano County Water Agency,SAN FRANCISCO BAY,1,,,,,,,,,,,,,,,,,,,,,,,
ALN,ALAMEDA CK NR NILES,86,37.5871582,-121.9607925,NILES,2,2101,999,999,58,23,0,ALAMEDA,ALAMEDA CR,US Geological Survey,SAN FRANCISCO BAY,1,14,20,25,,,,,,,,,,,,,,,,,,,,
ANC,ANTIOCH (USBR),10,38.017817,-121.802965,ANTIOCH,5,8101,999,999,50,16,0,CONTRA COSTA,DELTA,US Bureau of Reclamation,SACRAMENTO RIVER,14,25,100,102,,,,,,,,,,,,,,,,,,,,
ANH,SAN JOAQUIN RIVER AT ANTIOCH,10,38.0178299,-121.8029633,ANTIOCH,5,9001,999,999,705,999,0,CONTRA COSTA,SAN JOAQUIN R,CA Dept of Water Resources/Div of Environmental Services,SACRAMENTO RIVER,1,4,5,9,10,14,25,26,27,28,61,62,100,102,141,146,,,,,,,,
ANU,ARGONAUT DAM CA ARB RAWS,1513,38.3536,-120.7902,JACKSON,6,8301,999,999,716,17,2,AMADOR,MOKELUMNE R,CA Air Resources Board,SAN JOAQUIN RIVER,2,4,9,10,12,14,17,26,45,77,78,,,,,,,,,,,,,
APN,ALPINE LAKE,654,37.94,-122.637,STINSON BEACH,2,1701,999,999,89,22,0,MARIN,COAST-MARIN,Marin Municipal Water District,SAN FRANCISCO BAY,15,,,,,,,,,,,,,,,,,,,,,,,
APP,ANTIOCH PUMP PLANT,60,37.984,-121.728,ANTIOCH,6,8101,999,999,97,23,0,CONTRA COSTA,DELTA,Contra Costa Water District,SAN JOAQUIN RIVER,2,,,,,,,,,,,,,,,,,,,,,,,
ATL,ATLAS PEAK,1660,38.42833333,-122.2483333,NAPA,2,1901,702,702,702,15,2,NAPA,NAPA R,CA Dept of Water Resources/DFM-Hydro-SMN,SAN FRANCISCO BAY,2,4,14,16,45,,,,,,,,,,,,,,,,,,,
ATS,ANTELOPE SPRINGS,4350,38.503,-120.467,,6,8301,999,999,12,18,0,AMADOR,MOKELUMNE R,Amador Ranger District,SAN JOAQUIN RIVER,3,18,82,,,,,,,,,,,,,,,,,,,,,
AVL,ARROYO VALLE NR LIVERMORE,510,37.62326431,-121.7588425,LIVERMORE,2,2001,999,999,58,23,0,ALAMEDA,EAST BAY,US Geological Survey,SAN FRANCISCO BAY,1,14,20,66,,,,,,,,,,,,,,,,,,,,
BAC,BACON ISLAND AT OLD RIVER,0,37.96934509,-121.5721741,BRENTWOOD,5,8101,999,999,703,999,0,SAN JOAQUIN,DELTA,CA Dept of Water Resources/Operations and Maintenance,SACRAMENTO RIVER,1,5,14,25,100,141,,,,,,,,,,,,,,,,,,
BAP,BYRON AIRPORT,43,37.8306,-121.6225,BYRON,2,8101,999,999,107,23,0,CONTRA COSTA,DELTA,Contra Costa County,SAN FRANCISCO BAY,2,45,,,,,,,,,,,,,,,,,,,,,,
BBI,BYRON BETHANY IRRIGATION DIST DIVERSION,3,37.8298,-121.5574,BYRON,2,8101,999,999,717,23,16,CONTRA COSTA,DELTA,Byron Bethany Irrigation District,SAN FRANCISCO BAY,110,,,,,,,,,,,,,,,,,,,,,,,
BCC,BLACK CREEK NR COPPEROPOLIS,746,37.96103668,-120.6152039,COPPEROPOLIS,6,8501,58,1,58,24,0,CALAVERAS,STANISLAUS R,US Geological Survey,SAN JOAQUIN RIVER,1,14,16,20,,,,,,,,,,,,,,,,,,,,
BDL,BELDON LANDING,0,38.1869,-121.9708,FAIRFIELD,5,6501,999,705,705,17,0,SOLANO,SACRAMENTO R,CA Dept of Water Resources/Div of Environmental Services,SACRAMENTO RIVER,1,5,14,25,27,28,61,62,100,,,,,,,,,,,,,,,
BDT,SAN JOAQUIN R AT BRANDT BRIDGE,0,37.865,-121.3231,LATHROP,6,9001,999,999,703,23,0,SAN JOAQUIN,SAN JOAQUIN R,CA Dept of Water Resources/Operations and Maintenance,SAN JOAQUIN RIVER,1,5,14,20,21,25,41,100,141,,,,,,,,,,,,,,,
BEN,MOKELUMNE R @ BENSON'S FERRY NR THORNTON,0,38.2551384,-121.4400864,THORNTON,6,8301,700,999,704,999,0,SAN JOAQUIN,MOKELUMNE R,CA Dept of Water Resources/North Central Region Office,SAN JOAQUIN RIVER,1,14,141,169,,,,,,,,,,,,,,,,,,,,
BER,BERRYESSA,456,38.513,-122.104,WINTERS,5,8001,999,999,50,16,10,NAPA,PUTAH CR,US Bureau of Reclamation,SACRAMENTO RIVER,6,15,22,23,45,76,,,,,,,,,,,,,,,,,,
BET,BETHEL ISLAND,9,38.04109192,-121.6321869,RIO VISTA,5,8101,999,999,704,999,0,CONTRA COSTA,DELTA,CA Dept of Water Resources/North Central Region Office,SACRAMENTO RIVER,5,14,25,27,61,100,222,223,224,,,,,,,,,,,,,,,
BIF,BETHEL ISLAND FIRE,20,38.0155,-121.6396,BETHEL ISLAND,2,8101,999,999,107,16,23,CONTRA COSTA,DELTA,Contra Costa County,SAN FRANCISCO BAY,2,,,,,,,,,,,,,,,,,,,,,,,
BIO,BRIONES DAM,588,37.9151,-122.207,PLEASANT HILL,2,2001,999,999,86,21,0,CONTRA COSTA,EAST BAY,East Bay Municipal Utility District,SAN FRANCISCO BAY,15,,,,,,,,,,,,,,,,,,,,,,,
BIR,MIDDLE R AT BACON ISLAND RD,10,37.943056,-121.53389,MIDDLE RIVER,6,9001,999,999,704,22,2,SAN JOAQUIN,SAN JOAQUIN R,CA Dept of Water Resources/North Central Region Office,SAN JOAQUIN RIVER,1,14,25,100,,,,,,,,,,,,,,,,,,,,
BIX,BIXLER ROAD,14,37.94,-121.622,BRENTWOOD,2,9001,999,999,107,23,0,CONTRA COSTA,SAN JOAQUIN R,Contra Costa County,SAN FRANCISCO BAY,16,,,,,,,,,,,,,,,,,,,,,,,
BKD,BLACK DIAMOND MINES,1600,37.95,-121.884,CONCORD,2,2001,999,999,301,23,0,CONTRA COSTA,EAST BAY,East Bay Regional Parks Fire-Rescue Services,SAN FRANCISCO BAY,2,4,9,10,11,12,13,14,26,30,31,32,77,78,,,,,,,,,,
BKS,BARKER SLOUGH PUMPING PLANT (KG000000),0,38.2759,-121.7965,RIO VISTA,2,8101,999,999,703,17,0,SOLANO,DELTA,CA Dept of Water Resources/Operations and Maintenance,SAN FRANCISCO BAY,25,27,62,70,100,114,146,149,272,,,,,,,,,,,,,,,
BLI,BLACKLOCK ISLAND,0,38.1807,-121.9069,MONTEZUMA,5,6501,999,999,703,17,0,SOLANO,SACRAMENTO R,CA Dept of Water Resources/Operations and Maintenance,SACRAMENTO RIVER,1,,,,,,,,,,,,,,,,,,,,,,,
BLL,BLACKLOCK (NE1),0,38.1801,-121.9069,MONTEZUMA,5,6501,999,999,705,17,0,SOLANO,SACRAMENTO R,CA Dept of Water Resources/Div of Environmental Services,SACRAMENTO RIVER,1,6,9,10,14,16,17,25,61,100,,,,,,,,,,,,,,
BLP,BLIND POINT,0,38.03245163,-121.7190399,RIO VISTA,5,8101,999,999,704,999,0,CONTRA COSTA,DELTA,CA Dept of Water Resources/North Central Region Office,SACRAMENTO RIVER,5,14,25,28,61,62,100,221,,,,,,,,,,,,,,,,
BMP,BON TEMPE,723,37.957,-122.61,SAN RAFAEL,2,1701,999,999,89,22,0,MARIN,COAST-MARIN,Marin Municipal Water District,SAN FRANCISCO BAY,15,,,,,,,,,,,,,,,,,,,,,,,
BNE,BRIONES,1450,37.934,-122.118,PLEASANT HILL,2,2001,999,999,301,22,0,CONTRA COSTA,EAST BAY,East Bay Regional Parks Fire-Rescue Services,SAN FRANCISCO BAY,2,4,9,10,11,12,13,14,26,30,31,32,77,78,,,,,,,,,,
BRC,BEAR CREEK NEAR LODI,60,38.074,-121.211,LODI,6,9001,999,999,139,17,0,SAN JOAQUIN,SAN JOAQUIN R,San Joaquin County,SAN JOAQUIN RIVER,1,16,45,,,,,,,,,,,,,,,,,,,,,
BSG,BARKER SLOUGH,83,38.32,-121.934448,VACAVILLE,2,8101,999,999,221,16,34,SOLANO,DELTA,Solano County Water Agency,SAN FRANCISCO BAY,45,,,,,,,,,,,,,,,,,,,,,,,
BTD,BRENTWOOD - CONTRA COSTA CO CORP YARD,95,37.92,-121.678,BRENTWOOD,2,2001,999,999,107,23,23,CONTRA COSTA,EAST BAY,Contra Costa County,SAN FRANCISCO BAY,16,,,,,,,,,,,,,,,,,,,,,,,
BTH,BETHANY FOREBAY,250,37.785,-121.617,BYRON,5,8101,999,999,1,23,0,ALAMEDA,DELTA,CA Dept of Water Resources,SACRAMENTO RIVER,15,,,,,,,,,,,,,,,,,,,,,,,
BXP,BIXLER PUMPING PLANT,14,37.9397,-121.6235,BRENTWOOD,2,8101,999,999,107,23,23,CONTRA COSTA,DELTA,Contra Costa County,SAN FRANCISCO BAY,16,,,,,,,,,,,,,,,,,,,,,,,
CAD,CALAVERAS ROAD,1140,37.5531,-121.8439,SUNOL,2,2101,999,999,182,23,0,ALAMEDA,ALAMEDA CR,San Francisco PUC,SAN FRANCISCO BAY,2,4,9,10,11,12,13,14,26,30,31,32,77,78,,,,,,,,,,
CCP,CONCORD PAVILION,558,37.985,-121.9377,CONCORD,2,2801,999,999,107,23,0,CONTRA COSTA,SF BAY,Contra Costa County,SAN FRANCISCO BAY,16,,,,,,,,,,,,,,,,,,,,,,,
CCS,CACHE SLOUGH,0,38.2918,-121.742,RIO VISTA,5,8101,999,999,50,16,0,SOLANO,DELTA,US Bureau of Reclamation,SACRAMENTO RIVER,14,25,100,,,,,,,,,,,,,,,,,,,,,
CCW,CCWD MIDDLE RIVER PP ON VICTORIA CANAL,0,37.86654,-121.54379,DISCOVERY BAY,6,8101,999,999,97,23,0,CONTRA COSTA,DELTA,Contra Costa Water District,SAN JOAQUIN RIVER,70,148,,,,,,,,,,,,,,,,,,,,,,
CF1,CFA RAWS NR IONE,660,38.38,-120.9303,IONE,6,9001,999,999,3,17,2,AMADOR,SAN JOAQUIN R,CA Dept of Forestry and Fire Protection,SAN JOAQUIN RIVER,2,4,9,10,11,12,13,14,17,26,77,78,,,,,,,,,,,,
CGV,COSGROVE CK NR VALLEY SPRINGS,547,38.1361,-120.8472,VALLEY SPRINGS,6,8401,999,999,56,18,0,CALAVERAS,CALAVERAS R,US Army Corps of Engineers,SAN JOAQUIN RIVER,1,14,,,,,,,,,,,,,,,,,,,,,,
CHB,CHABOT,250,37.73,-122.122,SAN  LEANDRO,2,2101,999,999,86,22,0,ALAMEDA,ALAMEDA CR,East Bay Municipal Utility District,SAN FRANCISCO BAY,15,,,,,,,,,,,,,,,,,,,,,,,
CIS,OLD RIVER AT CONEY ISLAND,5,37.84589386,-121.5379715,TRACY,6,9001,999,999,704,999,0,SAN JOAQUIN,SAN JOAQUIN R,CA Dept of Water Resources/North Central Region Office,SAN JOAQUIN RIVER,1,14,141,,,,,,,,,,,,,,,,,,,,,
CKR,COOK RANCH,325,38.016,-120.946,MILTON,6,8401,999,999,139,18,0,SAN JOAQUIN,CALAVERAS R,San Joaquin County,SAN JOAQUIN RIVER,45,,,,,,,,,,,,,,,,,,,,,,,
CLC,CLIFTON COURT,3,37.8298,-121.5574,BYRON,2,8101,999,999,703,23,0,CONTRA COSTA,DELTA,CA Dept of Water Resources/Operations and Maintenance,SAN FRANCISCO BAY,10,25,27,62,76,100,114,134,146,273,,,,,,,,,,,,,,
CLL,COLLINSVILLE,0,38.073981,-121.850123,COLLINSVILLE,5,8101,999,999,50,16,0,SOLANO,DELTA,US Bureau of Reclamation,SACRAMENTO RIVER,14,25,100,102,,,,,,,,,,,,,,,,,,,,
CMG,CUMMINGS PEAK,895,38.028,-122.197,CROCKETT,2,2001,999,999,107,16,0,CONTRA COSTA,EAST BAY,Contra Costa County,SAN FRANCISCO BAY,16,,,,,,,,,,,,,,,,,,,,,,,
CMK,N FK CALAVERAS R NR MOKELUMNE HILL,920,38.2819,-120.6701,MOKELUMNE HILL,6,8401,999,999,58,17,2,CALAVERAS,CALAVERAS R,US Geological Survey,SAN JOAQUIN RIVER,1,14,16,45,,,,,,,,,,,,,,,,,,,,
CMN,CAMANCHE RESERVOIR,236,38.225,-121.021,CLEMENTS,6,8301,999,999,86,17,0,SAN JOAQUIN,MOKELUMNE R,East Bay Municipal Utility District,SAN JOAQUIN RIVER,6,7,15,22,23,76,94,200,,,,,,,,,,,,,,,,
CNT,CONTRA COSTA,10,37.99495,-121.702809,OAKLEY,5,8101,999,999,50,22,0,CONTRA COSTA,DELTA,US Bureau of Reclamation,SACRAMENTO RIVER,14,25,100,,,,,,,,,,,,,,,,,,,,,
CPD,CAMP PARDEE,658,38.25,-120.867,,6,8301,999,999,86,18,0,CALAVERAS,MOKELUMNE R,East Bay Municipal Utility District,SAN JOAQUIN RIVER,2,,,,,,,,,,,,,,,,,,,,,,,
CPP,CORDELIA PUMPING PLANT (KG002111),2,38.2276,-122.1347,SUISUN CITY,2,8101,999,999,703,16,0,SOLANO,DELTA,CA Dept of Water Resources/Operations and Maintenance,SAN FRANCISCO BAY,25,27,100,146,,,,,,,,,,,,,,,,,,,,
CPS,CAMP SECO RAWS,399,38.22361,-120.866386,VALLEY SPRINGS,5,8401,999,999,59,17,2,CALAVERAS,CALAVERAS R,US Bureau of Land Management,SACRAMENTO RIVER,2,4,9,10,11,12,13,14,26,45,77,78,,,,,,,,,,,,
CRD,PETALUMA RIVER NR CORONA ROAD,30,38.267,-122.667,PETALUMA,2,1801,999,999,75,16,0,SONOMA,PETALUMA R,City of Petaluma,SAN FRANCISCO BAY,1,16,,,,,,,,,,,,,,,,,,,,,,
CRI,CAHILL RIDGE,1044,37.5102,-122.374,SAN MATEO,2,2650,999,999,182,22,2,SAN MATEO,SAN MATEO CREEK,San Francisco PUC,SAN FRANCISCO BAY,14,16,45,,,,,,,,,,,,,,,,,,,,,
CRT,CORRECTIONAL CTR,18,38.307,-121.424,ELK GROVE,6,8201,999,999,134,17,0,SACRAMENTO,COSUMNES R,Sacramento County,SAN JOAQUIN RIVER,16,,,,,,,,,,,,,,,,,,,,,,,
CRY,LOWER CRYSTAL SPRINGS RESERVOIR,293,37.53,-122.36,SAN MATEO,2,2650,999,999,180,22,0,SAN MATEO,SAN MATEO CREEK,San Francisco County,SAN FRANCISCO BAY,15,,,,,,,,,,,,,,,,,,,,,,,
CS2,CAMANCHE SO. STA.2,331,38.204,-120.972,WALLACE,6,8301,999,999,139,18,0,CALAVERAS,MOKELUMNE R,San Joaquin County,SAN JOAQUIN RIVER,16,,,,,,,,,,,,,,,,,,,,,,,
CSC,CRYSTAL SPRINGS COTTAGE,343,37.496,-122.329,SAN CARLOS,2,2650,999,999,182,22,0,SAN MATEO,SAN MATEO CREEK,San Francisco PUC,SAN FRANCISCO BAY,14,16,45,,,,,,,,,,,,,,,,,,,,,
CSE,COLLINSVILLE ON SACRAMENTO RIVER,0,38.074,-121.8501,FAIRFIELD,5,8101,999,999,705,17,0,SOLANO,DELTA,CA Dept of Water Resources/Div of Environmental Services,SACRAMENTO RIVER,1,14,25,27,28,61,62,100,,,,,,,,,,,,,,,,
CSN,COSUMNES R AT MICHIGAN BAR,168,38.5,-121.044,RANCHO MURIETA,6,8201,999,999,58,17,0,SACRAMENTO,COSUMNES R,US Geological Survey,SAN JOAQUIN RIVER,65,66,260,261,262,263,264,265,,,,,,,,,,,,,,,,
CSP,CHALK PLANT NR NEW SAN PEDRO,895,37.808183,-120.542367,NEW SAN PEDRO,6,8601,999,999,180,23,2,TUOLUMNE,TUOLUMNE R,San Francisco County,SAN JOAQUIN RIVER,2,4,5,9,10,12,14,17,45,77,103,122,,,,,,,,,,,,
CVC,CASTRO VALLEY CR AT HAYWARD CA,100,37.67993164,-122.0805206,HAYWARD,2,2001,999,999,58,22,0,ALAMEDA,EAST BAY,US Geological Survey,SAN FRANCISCO BAY,1,14,,,,,,,,,,,,,,,,,,,,,,
CVP,CHEVRON PUMP PLANT,130,37.998,-121.855,PITTSBURG,2,9001,999,999,107,23,0,CONTRA COSTA,SAN JOAQUIN R,Contra Costa County,SAN FRANCISCO BAY,16,,,,,,,,,,,,,,,,,,,,,,,
CWS,CRABTREE WEATHER STATION,226,37.725,-120.6006,LA GRANGE,6,8601,999,999,150,24,0,STANISLAUS,TUOLUMNE R,Stanislaus County,SAN JOAQUIN RIVER,2,4,9,10,11,12,13,14,26,77,78,,,,,,,,,,,,,
CX2,DAILY X2 CALCULATION,0,37.8333,-122.4167,SAN FRANCISCO,2,2801,999,999,700,22,0,SAN FRANCISCO,SF BAY,CA Dept of Water Resources/Flood Management,SAN FRANCISCO BAY,145,,,,,,,,,,,,,,,,,,,,,,,
CYG,CYGNUS-CORDELIA SLOUGH,0,38.1527,-122.0908,FAIRFIELD,5,8101,999,999,705,16,0,SOLANO,DELTA,CA Dept of Water Resources/Div of Environmental Services,SACRAMENTO RIVER,1,14,25,100,,,,,,,,,,,,,,,,,,,,
DAR,DRAINAGE AT ARBOR ROAD ,20,37.768959,-121.419414,TRACEY,5,9001,999,999,704,22,2,SAN JOAQUIN,SAN JOAQUIN R,CA Dept of Water Resources/North Central Region Office,SACRAMENTO RIVER,1,14,20,100,146,,,,,,,,,,,,,,,,,,,
DBD,DISCOVERY BAY AT DISCOVERY BAY BLVD,9,37.8928,-121.6025,BYRON,6,9001,999,999,704,23,0,CONTRA COSTA,SAN JOAQUIN R,CA Dept of Water Resources/North Central Region Office,SAN JOAQUIN RIVER,1,14,141,,,,,,,,,,,,,,,,,,,,,
DBF,DUBLIN-SAN RAMON FIRE HOUSE,355,37.732,-121.927,DUBLIN,2,2001,999,999,107,23,0,CONTRA COSTA,EAST BAY,Contra Costa County,SAN FRANCISCO BAY,2,16,45,,,,,,,,,,,,,,,,,,,,,
DBI,DISCOVERY BAY AT INDIAN SLOUGH,6,37.91765213,-121.5867233,BYRON,6,9001,999,999,704,999,0,CONTRA COSTA,SAN JOAQUIN R,CA Dept of Water Resources/North Central Region Office,SAN JOAQUIN RIVER,1,14,141,,,,,,,,,,,,,,,,,,,,,
DBL,MOUNT DIABLO PEAK,3690,37.88,-121.918,WALNUT CREEK,2,2001,999,999,107,23,0,CONTRA COSTA,EAST BAY,Contra Costa County,SAN FRANCISCO BAY,16,,,,,,,,,,,,,,,,,,,,,,,
DBT,DUTCH BILL CREEK AT WESTMINSTER WOODS,123,38.4504,-123.0004,MONTE RIO,1,1601,999,999,40,0,2,SONOMA,RUSSIAN R,National Weather Service,NORTH COAST,1,,,,,,,,,,,,,,,,,,,,,,,
DCD,DUCK CK DIVERSION,113,37.9383,-120.99,STOCKTON,6,5601,999,999,56,24,0,SAN JOAQUIN,SAN JACINTO R,US Army Corps of Engineers,SAN JOAQUIN RIVER,1,14,110,,,,,,,,,,,,,,,,,,,,,
DCM,DRY CREEK AT MODESTO AT CLAUS ROAD,88,37.657,-120.923,MODESTO,6,8601,999,999,706,24,0,STANISLAUS,TUOLUMNE R,CA Dept of Water Resources/South Central Region Office,SAN JOAQUIN RIVER,1,14,20,41,,,,,,,,,,,,,,,,,,,,
DCO,DEL VALLE CONSERVATION OUTLET WORKS,542,37.6178,-121.7468,LIVERMORE,2,2001,999,999,703,23,0,ALAMEDA,EAST BAY,CA Dept of Water Resources/Operations and Maintenance,SAN FRANCISCO BAY,27,62,100,146,,,,,,,,,,,,,,,,,,,,
DGL,DOUGHTY CUT ABOVE GRANT LINE CANAL,18,37.815,-121.425,TRACY,6,9001,999,999,704,23,0,SAN JOAQUIN,SAN JOAQUIN R,CA Dept of Water Resources/North Central Region Office,SAN JOAQUIN RIVER,1,5,14,25,27,28,61,62,100,141,,,,,,,,,,,,,,
DLC,DELTA CROSS CHANNEL BTW SAC R & SNODGRAS,10,38.245,-121.505,WALNUT GROVE,5,6501,999,999,58,17,0,SACRAMENTO,SACRAMENTO R,US Geological Survey,SACRAMENTO RIVER,1,20,21,25,100,221,,,,,,,,,,,,,,,,,,
DLP,DIAMOND LN PRECIP NR GLENCOE,2140,38.34315,-120.61837,GLENCOE,6,8301,999,999,58,17,2,CALAVERAS,MOKELUMNE R,US Geological Survey,SAN JOAQUIN RIVER,14,16,45,,,,,,,,,,,,,,,,,,,,,
DLV,DEL VALLE,703,37.614,-121.745,LIVERMORE,2,2101,999,999,703,23,0,ALAMEDA,ALAMEDA CR,CA Dept of Water Resources/Operations and Maintenance,SAN FRANCISCO BAY,6,7,15,,,,,,,,,,,,,,,,,,,,,
DMC,DMC HEADWORKS,200,37.781567,-121.590239,TRACY,5,8101,999,999,50,22,0,ALAMEDA,DELTA,US Bureau of Reclamation,SACRAMENTO RIVER,14,25,100,,,,,,,,,,,,,,,,,,,,,
DNP,DON PEDRO RESERVOIR,830,37.702,-120.421,LA GRANGE,6,8601,999,999,803,24,0,TUOLUMNE,TUOLUMNE R,USGS/USACE,SAN JOAQUIN RIVER,6,15,22,23,45,74,76,94,110,200,,,,,,,,,,,,,,
DPW,DON PEDRO RESERVOIR WEATHER,830,37.70028,-120.417712,LAGRANGE,6,8601,999,999,203,23,2,TUOLUMNE,TUOLUMNE R,Turlock Irrigation District,SAN JOAQUIN RIVER,2,4,10,12,14,17,26,36,45,77,132,134,258,,,,,,,,,,,
DRO,DELTA RUNOFF ONE DAY CALCULATION,6,38.042,-121.642,BETHEL ISLAND,5,8101,999,999,700,17,0,CONTRA COSTA,DELTA,CA Dept of Water Resources/Flood Management,SACRAMENTO RIVER,155,,,,,,,,,,,,,,,,,,,,,,,
DSJ,DUTCH SLOUGH AT JERSEY ISLAND,10,38.013,-121.671,OAKLEY,6,9001,999,999,58,17,0,CONTRA COSTA,SAN JOAQUIN R,US Geological Survey,SAN JOAQUIN RIVER,1,20,21,25,61,100,221,222,223,224,,,,,,,,,,,,,,
DSN,DRY CREEK NR SNELLING,230,37.555,-120.463,SNELLING,6,8701,60,999,204,24,2,MERCED,MERCED R,Merced Irrigation District,SAN JOAQUIN RIVER,1,14,16,20,,,,,,,,,,,,,,,,,,,,
DTO,DELTA OUTFLOW,0,38.059,-122.025,RIO VISTA,5,8101,999,999,703,15,0,SOLANO,DELTA,CA Dept of Water Resources/Operations and Maintenance,SACRAMENTO RIVER,23,,,,,,,,,,,,,,,,,,,,,,,
DV7,DEL VALLE CHECK 7 (KB001638),500,37.6547,-121.7419,LIVERMORE,2,2001,999,999,703,23,0,ALAMEDA,EAST BAY,CA Dept of Water Resources/Operations and Maintenance,SAN FRANCISCO BAY,25,27,62,100,114,146,,,,,,,,,,,,,,,,,,
DVB,DANVILLE LIBRARY,364,37.8208,-121.9956,DANVILLE,2,2801,999,999,107,23,0,CONTRA COSTA,SF BAY,Contra Costa County,SAN FRANCISCO BAY,2,16,45,,,,,,,,,,,,,,,,,,,,,
DVF,DUCK CK DIVERSION NR FARMINGTON,146,37.945,-120.93,STOCKTON,5,9001,999,999,56,24,0,SAN JOAQUIN,SAN JOAQUIN R,US Army Corps of Engineers,SACRAMENTO RIVER,1,14,,,,,,,,,,,,,,,,,,,,,,
DWS,SACRAMENTO DEEP WATER SHIPPING CHANNEL,0,38.25611,-121.66667,WEST SACRAMENTO,5,6501,999,999,58,17,0,YOLO,SACRAMENTO R,US Geological Survey,SACRAMENTO RIVER,1,20,21,25,100,221,,,,,,,,,,,,,,,,,,
DYR,DYER RESERVOIR,805,37.757824,-121.674913,LIVERMORE,6,8101,999,999,703,22,0,CONTRA COSTA,DELTA,CA Dept of Water Resources/Operations and Maintenance,SAN JOAQUIN RIVER,27,62,100,114,146,,,,,,,,,,,,,,,,,,,
ECD,EAST CONTRA COUNTY ID PP#1,22,37.917863,-121.625999,DISCOVERY BAY,5,8101,999,999,704,23,2,CONTRA COSTA,DELTA,CA Dept of Water Resources/North Central Region Office,SACRAMENTO RIVER,14,100,146,,,,,,,,,,,,,,,,,,,,,
EGN,LAGUNA CR - FLORIN NEAR EAGLES NEST ROAD,100,38.485279,-121.260834,FLORIN,5,6501,999,999,134,0,0,SACRAMENTO,SACRAMENTO R,Sacramento County,SACRAMENTO RIVER,1,2,16,45,,,,,,,,,,,,,,,,,,,,
ELG,ELK GROVE FISH HATCHERY,45,38.421,-121.374,ELK GROVE,6,8201,999,999,134,17,0,SACRAMENTO,COSUMNES R,Sacramento County,SAN JOAQUIN RIVER,2,45,,,,,,,,,,,,,,,,,,,,,,
EMM,EMMATON (USBR),0,38.084272,-121.738924,RIO VISTA,5,8101,999,999,50,16,0,SACRAMENTO,DELTA,US Bureau of Reclamation,SACRAMENTO RIVER,14,25,100,102,,,,,,,,,,,,,,,,,,,,
EPH,ELECTRA PH,720,38.333,-120.667,JACKSON,6,8301,999,999,60,18,0,AMADOR,MOKELUMNE R,Pacific Gas & Electric,SAN JOAQUIN RIVER,2,45,,,,,,,,,,,,,,,,,,,,,,
ESP,ESPERANZA (BANNER ROAD),2512,38.284417,-120.48975,MOUNTAIN RANCH,6,8401,999,999,3,17,0,CALAVERAS,CALAVERAS R,CA Dept of Forestry and Fire Protection,SAN JOAQUIN RIVER,2,4,9,10,11,12,13,14,17,26,77,78,,,,,,,,,,,,
FAL,FALSE RIVER NEAR OAKLEY,0,38.0558,-121.6669,OAKLEY,6,8101,999,999,5,17,0,CONTRA COSTA,DELTA,USGS/DWR,SAN JOAQUIN RIVER,1,20,21,25,28,61,100,221,222,223,224,225,226,227,228,229,230,,,,,,,
FCD,FLOOD CONTROL HQ - CONTRA COSTA CO,160,37.988,-122.085,CONCORD,2,9001,999,999,107,22,0,CONTRA COSTA,SAN JOAQUIN R,Contra Costa County,SAN FRANCISCO BAY,16,45,,,,,,,,,,,,,,,,,,,,,,
FCT,FISHERMANS CUT,4,38.067822,-121.648838,ANTIOCH,6,9001,999,999,704,16,17,SAN JOAQUIN,SAN JOAQUIN R,CA Dept of Water Resources/North Central Region Office,SAN JOAQUIN RIVER,1,20,21,25,61,100,221,222,223,224,225,226,227,228,229,230,,,,,,,,
FLT,GOODYEAR SLOUGH OUTFALL @ NAVAL FLEET,0,38.08037934,-122.1020479,BENICIA,5,8101,999,999,705,16,4,SOLANO,DELTA,CA Dept of Water Resources/Div of Environmental Services,SACRAMENTO RIVER,14,25,100,,,,,,,,,,,,,,,,,,,,,
FLW,FLOWER MOUNTAIN,1480,37.92,-120.6803,COPPEROPOLIS,6,8501,999,999,56,24,0,TUOLUMNE,STANISLAUS R,US Army Corps of Engineers,SAN JOAQUIN RIVER,2,45,,,,,,,,,,,,,,,,,,,,,,
FPT,SACRAMENTO RIVER AT FREEPORT,0,38.45,-121.5,FREEPORT,5,6501,999,999,58,17,0,SACRAMENTO,SACRAMENTO R,US Geological Survey,SACRAMENTO RIVER,1,14,20,21,25,100,221,,,,,,,,,,,,,,,,,
FPX,SACRAMENTO RIVER AT FREEPORT AUX,0,38.45,-121.5,FREEPORT,5,6501,999,999,58,17,0,SACRAMENTO,SACRAMENTO R,US Geological Survey,SACRAMENTO RIVER,1,20,21,41,,,,,,,,,,,,,,,,,,,,
FR1,FARMINGTON CENTRAL ID CANAL,180,37.915,-120.935,FARMINGTON,6,8451,999,999,56,24,0,SAN JOAQUIN,LITTLEJOHN CR,US Army Corps of Engineers,SAN JOAQUIN RIVER,85,,,,,,,,,,,,,,,,,,,,,,,
FR2,FARMINGTON STOCKTON EAST CANAL,180,37.915,-120.935,FARMINGTON,6,8451,999,999,56,24,0,SAN JOAQUIN,LITTLEJOHN CR,US Army Corps of Engineers,SAN JOAQUIN RIVER,85,,,,,,,,,,,,,,,,,,,,,,,
FRF,FAIRFIELD,40,38.267,-122.067,FAIRFIELD,2,1901,999,999,40,16,0,SOLANO,NAPA R,National Weather Service,SAN FRANCISCO BAY,2,,,,,,,,,,,,,,,,,,,,,,,
FRK,FRANK'S TRACT MID TRACT,0,38.046417,-121.5981,ANTIOCH,6,8101,999,999,705,16,21,CONTRA COSTA,DELTA,CA Dept of Water Resources/Div of Environmental Services,SAN JOAQUIN RIVER,9,10,14,25,27,28,61,62,100,,,,,,,,,,,,,,,
FRM,FARMINGTON (SPILL ELEV 156.5 FT),180,37.915,-120.935,FARMINGTON,6,8451,999,999,56,24,0,SAN JOAQUIN,LITTLEJOHN CR,US Army Corps of Engineers,SAN JOAQUIN RIVER,2,6,7,15,22,23,45,76,91,,,,,,,,,,,,,,,
FRP,FARRAR PARK,0,38.011698,-121.639129,LINCOLN VILLAGE,5,8101,999,999,50,16,0,SAN JOAQUIN,DELTA,US Bureau of Reclamation,SACRAMENTO RIVER,14,25,100,,,,,,,,,,,,,,,,,,,,,
GCA,GRAYSON CREEK AT CENTER AVE,14,37.98332986,-122.0685338,PLEASANT HILL,2,2001,999,999,107,21,23,CONTRA COSTA,EAST BAY,Contra Costa County,SAN FRANCISCO BAY,1,,,,,,,,,,,,,,,,,,,,,,,
GCC,GRAYSON CREEK AT CITY YARD,23,37.96295771,-122.0663882,PLEASANT HILL,2,2001,999,999,107,21,23,CONTRA COSTA,EAST BAY,Contra Costa County,SAN FRANCISCO BAY,1,16,,,,,,,,,,,,,,,,,,,,,,
GCT,GRANTLINE CANAL AT TRACY RD BRIDGE,25,37.82014465,-121.4498596,TRACY,6,9001,999,999,1,999,0,SAN JOAQUIN,SAN JOAQUIN R,CA Dept of Water Resources,SAN JOAQUIN RIVER,1,14,25,27,28,61,62,100,141,,,,,,,,,,,,,,,
GDC,STANISLAUS R AT GOODWIN CANYON,400,37.858,-120.635,KNIGHTS FERRY,6,8501,999,999,801,24,0,TUOLUMNE,STANISLAUS R,CA Dept of Fish and Wildlife,SAN JOAQUIN RIVER,25,,,,,,,,,,,,,,,,,,,,,,,
GDJ,GOODWIN N MAIN (SSJ) CANAL,359,37.875,-120.603,SONORA,6,8501,999,999,50,24,0,CALAVERAS,STANISLAUS R,US Bureau of Reclamation,SAN JOAQUIN RIVER,85,,,,,,,,,,,,,,,,,,,,,,,
GDS,GOODWIN S MAIN (OAKDALE) CANAL,359,37.875,-120.603,SONORA,6,8501,999,999,50,24,0,CALAVERAS,STANISLAUS R,US Bureau of Reclamation,SAN JOAQUIN RIVER,85,,,,,,,,,,,,,,,,,,,,,,,
GDW,GOODWIN DAM,359,37.8628,-120.6297,SONORA,6,8501,999,999,50,24,0,CALAVERAS,STANISLAUS R,US Bureau of Reclamation,SAN JOAQUIN RIVER,6,7,8,15,22,71,85,,,,,,,,,,,,,,,,,
GES,SACRAMENTO RIVER BELOW GEORGIANA SLOUGH,0,38.2389,-121.5234,WALNUT GROVE,5,6501,999,999,58,17,0,SACRAMENTO,SACRAMENTO R,US Geological Survey,SACRAMENTO RIVER,1,20,21,25,100,221,,,,,,,,,,,,,,,,,,
GGH,GREGORY HILL,188,38.268051,-122.06945,FAIRFIELD,2,8101,999,999,221,15,34,SOLANO,DELTA,Solano County Water Agency,SAN FRANCISCO BAY,45,,,,,,,,,,,,,,,,,,,,,,,
GGS,GEORGIANA SLOUGH,2,38.238,-121.517,WALNUT GROVE,5,8101,999,999,134,17,0,SACRAMENTO,DELTA,Sacramento County,SACRAMENTO RIVER,2,,,,,,,,,,,,,,,,,,,,,,,
GGT,GOLDEN GATE,0,37.81,-122.474,SAN FRANCISCO,2,2801,999,999,40,22,0,SAN FRANCISCO,SF BAY,National Weather Service,SAN FRANCISCO BAY,1,4,9,10,12,16,17,45,,,,,,,,,,,,,,,,
GLC,GRANTLINE CANAL (USGS),10,37.8196,-121.5485,TRACY,6,9001,999,999,5,23,0,SAN JOAQUIN,SAN JOAQUIN R,USGS/DWR,SAN JOAQUIN RIVER,1,20,21,25,28,41,61,62,100,221,,,,,,,,,,,,,,
GLE,GRANT LINE CANAL EAST,6,37.820258,-121.4348562,TRACY,6,9001,999,999,704,23,17,SAN JOAQUIN,SAN JOAQUIN R,CA Dept of Water Resources/North Central Region Office,SAN JOAQUIN RIVER,1,20,21,25,28,61,62,100,221,,,,,,,,,,,,,,,
GLN,GREEN'S LANDING,5,38.345,-121.546,COURTLAND,5,6501,999,999,50,17,0,SACRAMENTO,SACRAMENTO R,US Bureau of Reclamation,SACRAMENTO RIVER,5,14,25,,,,,,,,,,,,,,,,,,,,,
GLR,GILMORE RANCH,220,38.045,-120.987,BELLOTA,6,8401,999,999,139,18,0,SAN JOAQUIN,CALAVERAS R,San Joaquin County,SAN JOAQUIN RIVER,2,16,45,,,,,,,,,,,,,,,,,,,,,
GMB,STANISLAUS R AT GAMBINI PROPERTY,98,37.772,-120.888,OAKDALE,6,8501,999,999,801,24,0,STANISLAUS,STANISLAUS R,CA Dept of Fish and Wildlife,SAN JOAQUIN RIVER,25,,,,,,,,,,,,,,,,,,,,,,,
GMR,GREEN VALLEY CK AT MARTINELLI RD,74,38.4786,-122.9082,FORESTVILLE,1,1601,999,999,40,15,2,SONOMA,RUSSIAN R,National Weather Service,NORTH COAST,1,14,,,,,,,,,,,,,,,,,,,,,,
GOD,GODFATHER II ON SUISUN SLOUGH,0,38.1238,-122.0812,FAIRFIELD,5,8101,999,999,705,16,0,SOLANO,DELTA,CA Dept of Water Resources/Div of Environmental Services,SACRAMENTO RIVER,14,25,27,28,61,62,100,,,,,,,,,,,,,,,,,
GRN,GREEN SPRINGS,1020,37.833,-120.5,HETCH HETCHY,6,8601,999,999,3,24,0,TUOLUMNE,TUOLUMNE R,CA Dept of Forestry and Fire Protection,SAN JOAQUIN RIVER,2,4,9,10,11,12,13,14,30,31,32,45,,,,,,,,,,,,
GSM,GEORGIANA SLOUGH AT MOKELUMNE R,18,38.129533,-121.582974,RIO VISTA,5,8301,999,999,704,16,2,SACRAMENTO,MOKELUMNE R,CA Dept of Water Resources/North Central Region Office,SACRAMENTO RIVER,1,14,,,,,,,,,,,,,,,,,,,,,,
GSS,GEORGIANA SLOUGH AT SACRAMENTO RIVER,10,38.237,-121.518,WALNUT GROVE,5,6501,999,999,58,17,0,SACRAMENTO,SACRAMENTO R,US Geological Survey,SACRAMENTO RIVER,1,20,21,25,100,221,,,,,,,,,,,,,,,,,,
GTB,GALINDO CREEK AT TREAT BLVD,179,37.96153289,-121.9919101,CONCORD,2,2001,999,999,107,22,23,CONTRA COSTA,EAST BAY,Contra Costa County,SAN FRANCISCO BAY,1,,,,,,,,,,,,,,,,,,,,,,,
GTO,GOODWIN TUNNEL OUTLET,600,37.8492,-120.6822,STOCKTON,6,9001,999,999,56,24,0,SAN JOAQUIN,SAN JOAQUIN R,US Army Corps of Engineers,SAN JOAQUIN RIVER,2,14,110,,,,,,,,,,,,,,,,,,,,,
GUL,RUSSIAN RIVER AT GUERNEVILLE LOCAL FLOW,9,38.501,-122.993,GUERNEVILLE,1,1601,999,999,40,15,13,MENDOCINO,RUSSIAN R,National Weather Service,NORTH COAST,142,,,,,,,,,,,,,,,,,,,,,,,
GVB,RUSSIAN RIVER AT GUERNEVILLE BRIDGE,9,38.501,-122.993,GUERNEVILLE,1,1601,999,999,405,16,0,SONOMA,RUSSIAN R,USGS/Sonoma County,NORTH COAST,1,14,169,,,,,,,,,,,,,,,,,,,,,
GVD,GREEN VALLEY CREEK AT DIABLO ROAD,370,37.826868,-121.9867349,DANVILLE,2,2001,999,999,107,22,23,CONTRA COSTA,EAST BAY,Contra Costa County,SAN FRANCISCO BAY,1,,,,,,,,,,,,,,,,,,,,,,,
GYN,GREEN VLY CK NORTH OF CORDELIA JUNCTION,0,38.2206,-122.148,FAIRFIELD,5,8101,999,999,705,16,0,SOLANO,DELTA,CA Dept of Water Resources/Div of Environmental Services,SACRAMENTO RIVER,1,14,,,,,,,,,,,,,,,,,,,,,,
GYS,GOODYEAR SLOUGH,0,38.118,-122.095,BENICIA,5,8101,999,999,705,16,0,SOLANO,DELTA,CA Dept of Water Resources/Div of Environmental Services,SACRAMENTO RIVER,1,5,14,25,61,100,,,,,,,,,,,,,,,,,,
GZB,GRIZZLY BAY BUOY,0,38.123145,-122.007582,FAIRFIELD,2,8101,999,999,705,15,21,SOLANO,DELTA,CA Dept of Water Resources/Div of Environmental Services,SAN FRANCISCO BAY,14,25,27,28,61,62,100,,,,,,,,,,,,,,,,,
GZL,GRIZZLY BAY,0,38.12425,-122.038117,FAIRFIELD,2,8101,999,999,705,15,21,SOLANO,DELTA,CA Dept of Water Resources/Div of Environmental Services,SAN FRANCISCO BAY,9,10,14,25,27,28,61,62,100,,,,,,,,,,,,,,,
GZM,GRIZZLY BAY AT HEAD OF MONTEZUMA SL BUOY,0,38.141304,-122.060196,SUISUN CITY,5,8101,999,999,705,0,21,SOLANO,DELTA,CA Dept of Water Resources/Div of Environmental Services,SACRAMENTO RIVER,14,25,28,61,62,100,221,275,,,,,,,,,,,,,,,,
HAC,RUSSIAN RIVER NEAR HACIENDA BRIDGE,20,38.50852203,-122.9277725,HACIENDA,1,1601,700,999,5,16,0,SONOMA,RUSSIAN R,USGS/DWR,NORTH COAST,1,14,20,41,,,,,,,,,,,,,,,,,,,,
HAS,HASS SLOUGH NEAR ELMIRA,0,38.294151,-121.725739,RIO VISTA,5,6501,999,999,58,0,22,SOLANO,SACRAMENTO R,US Geological Survey,SACRAMENTO RIVER,1,20,21,25,27,100,,,,,,,,,,,,,,,,,,
HBL,HINEBAUGH CREEK AT LABATH AVE,20,38.3504802,-122.721313,ROHNERT PARK,1,1601,810,810,810,0,99,SONOMA,RUSSIAN R,City of Rohnert Park,NORTH COAST,1,4,12,14,,,,,,,,,,,,,,,,,,,,
HBP,HARVEY O BANKS PUMPING P (KA000331),4,37.801944,-121.620278,BYRON,5,8101,703,703,703,23,16,CONTRA COSTA,DELTA,CA Dept of Water Resources/Operations and Maintenance,SACRAMENTO RIVER,4,10,25,27,31,32,45,62,77,100,114,133,134,146,149,163,,,,,,,,
HLD,HIGHLAND PEAK,2520,37.8145,-121.8084,TASSAJARA,2,8101,999,999,107,23,0,CONTRA COSTA,DELTA,Contra Costa County,SAN FRANCISCO BAY,2,16,45,,,,,,,,,,,,,,,,,,,,,
HLL,HOLLAND TRACT,0,38.006986,-121.580617,RIO VISTA,5,8101,999,999,50,16,0,CONTRA COSTA,DELTA,US Bureau of Reclamation,SACRAMENTO RIVER,14,25,100,,,,,,,,,,,,,,,,,,,,,
HLT,MIDDLE RIVER NEAR HOLT,0,38.0031,-121.5108,HOLT,6,9001,999,999,5,17,0,SAN JOAQUIN,SAN JOAQUIN R,USGS/DWR,SAN JOAQUIN RIVER,1,20,21,25,28,100,221,,,,,,,,,,,,,,,,,
HNN,LAKE HENNESSEY,331,38.482,-122.372,RUTHERFORD,2,1901,999,999,128,16,0,NAPA,NAPA R,Napa County,SAN FRANCISCO BAY,15,,,,,,,,,,,,,,,,,,,,,,,
HOL,HOLLAND CUT NEAR BETHEL ISLAND,0,38.0164,-121.5819,BETHEL ISLAND,6,9001,999,999,5,17,0,SAN JOAQUIN,SAN JOAQUIN R,USGS/DWR,SAN JOAQUIN RIVER,1,20,21,25,27,61,100,221,222,223,224,225,226,227,228,229,230,,,,,,,
HON,HONKER BAY,0,38.0724,-121.9392,FAIRFIELD,2,8101,999,999,705,16,21,SOLANO,DELTA,CA Dept of Water Resources/Div of Environmental Services,SAN FRANCISCO BAY,14,25,27,28,61,62,100,,,,,,,,,,,,,,,,,
HRO,HARVEY O BANKS PUMPING PLANT,4,37.798,-121.623,BYRON,5,8101,999,999,713,23,21,CONTRA COSTA,DELTA,CA Dept of Water Resources/O&M San Joaquin Field Division,SACRAMENTO RIVER,27,61,62,70,100,101,109,112,146,148,149,150,151,152,153,179,266,269,272,274,,,,
HSL,HILL SLOUGH,0,38.2222,-122.024,SUISUN CITY,5,8101,999,999,705,0,21,SOLANO,DELTA,CA Dept of Water Resources/Div of Environmental Services,SACRAMENTO RIVER,1,14,25,27,28,61,62,100,,,,,,,,,,,,,,,,
HSP,HOSPITAL CREEK,50,37.6105,-121.2308,MODESTO,6,9001,999,999,234,23,0,STANISLAUS,SAN JOAQUIN R,West Stanislaus ID / SJVDA,SAN JOAQUIN RIVER,1,14,20,25,100,,,,,,,,,,,,,,,,,,,
HUN,HUNTER CUT AT MONTEZUMA SLOUGH,0,38.156,-122.0527,FAIRFIELD,5,8101,999,999,705,16,0,SOLANO,DELTA,CA Dept of Water Resources/Div of Environmental Services,SACRAMENTO RIVER,1,14,25,27,28,61,62,100,,,,,,,,,,,,,,,,
HWB,MINER SLOUGH AT HWY 84 BRIDGE,0,38.2917,-121.6308,OXFORD,5,6501,999,999,58,17,0,SOLANO,SACRAMENTO R,US Geological Survey,SACRAMENTO RIVER,1,20,21,25,61,100,221,,,,,,,,,,,,,,,,,
IBS,IBIS,0,38.157,-122.113,CORDELIA,5,8101,999,999,705,16,0,SOLANO,DELTA,CA Dept of Water Resources/Div of Environmental Services,SACRAMENTO RIVER,1,5,14,25,100,,,,,,,,,,,,,,,,,,,
IDB,CCWD OLD RIVER PP NEAR DISCOVERY BAY,0,37.8833,-121.577,DISCOVERY BAY,2,8101,999,999,97,23,0,CONTRA COSTA,DELTA,Contra Costa Water District,SAN FRANCISCO BAY,70,148,,,,,,,,,,,,,,,,,,,,,,
INB,CCWD ROCK SLOUGH PP NEAR BRENTWOOD,0,37.996,-121.702,BRENTWOOD,2,8101,999,999,97,23,0,CONTRA COSTA,DELTA,Contra Costa Water District,SAN FRANCISCO BAY,70,140,,,,,,,,,,,,,,,,,,,,,,
ING,INGRAM CREEK,25,37.6002,-121.2251,VERNALIS,5,9001,999,999,234,23,0,STANISLAUS,SAN JOAQUIN R,West Stanislaus ID / SJVDA,SACRAMENTO RIVER,1,14,25,100,,,,,,,,,,,,,,,,,,,,
ISD,IRONHOUSE SANITARY DISTRICT,6,38.0013,-121.7094,ANTIOCH,6,9001,999,999,107,17,0,CONTRA COSTA,SAN JOAQUIN R,Contra Costa County,SAN JOAQUIN RIVER,9,10,16,,,,,,,,,,,,,,,,,,,,,
ISH,ITALIAN SLOUGH HEADWATER NR BYRON,5,37.84012222,-121.6029587,BYRON,6,9001,999,999,704,999,0,CONTRA COSTA,SAN JOAQUIN R,CA Dept of Water Resources/North Central Region Office,SAN JOAQUIN RIVER,1,14,141,,,,,,,,,,,,,,,,,,,,,
JER,JERSEY POINT,0,38.052155,-121.688971,RIO VISTA,5,8101,999,999,50,16,0,CONTRA COSTA,DELTA,US Bureau of Reclamation,SACRAMENTO RIVER,14,25,27,100,222,223,224,225,226,227,,,,,,,,,,,,,,
JMP,STANISLAUS R AT JACOB MEYERS PARK,98,37.743,-120.942,RIVERBANK,6,8501,999,999,801,24,0,SAN JOAQUIN,STANISLAUS R,CA Dept of Fish and Wildlife,SAN JOAQUIN RIVER,25,,,,,,,,,,,,,,,,,,,,,,,
JNR,JOHNSON RANCH,2042,37.6667,-121.604,TRACY,2,2001,999,999,139,23,0,ALAMEDA,EAST BAY,San Joaquin County,SAN FRANCISCO BAY,2,45,,,,,,,,,,,,,,,,,,,,,,
JTR,JONES TRACT,-19,37.9224,-121.5182,STOCKTON,6,8101,999,999,704,23,0,SAN JOAQUIN,DELTA,CA Dept of Water Resources/North Central Region Office,SAN JOAQUIN RIVER,1,14,20,,,,,,,,,,,,,,,,,,,,,
KA0,CLIFTON COURT (KA000000) TEST SITE,3,37.8298,-121.5574,BYRON,2,8101,999,999,703,23,0,CONTRA COSTA,DELTA,CA Dept of Water Resources/Operations and Maintenance,SAN FRANCISCO BAY,25,27,62,100,114,146,,,,,,,,,,,,,,,,,,
KFS,KNIGHTS FERRY AT SONORA ROAD BRIDGE,200,37.819,-120.667,KNIGHTS FERRY,6,8501,999,999,801,24,0,STANISLAUS,STANISLAUS R,CA Dept of Fish and Wildlife,SAN JOAQUIN RIVER,25,,,,,,,,,,,,,,,,,,,,,,,
KGR,KREGOR PEAK,1894,37.943,-121.89,CLAYTON,2,2001,999,999,107,23,0,CONTRA COSTA,EAST BAY,Contra Costa County,SAN FRANCISCO BAY,16,,,,,,,,,,,,,,,,,,,,,,,
KNF,KNIGHTS FERRY 2 ESE,315,37.8,-120.65,OAKDALE,6,8501,999,999,999,24,0,STANISLAUS,STANISLAUS R,.None Specified,SAN JOAQUIN RIVER,2,,,,,,,,,,,,,,,,,,,,,,,
KNT,KENT,415,37.997,-122.702,FOREST KNOLLS,2,1701,999,999,89,22,0,MARIN,COAST-MARIN,Marin Municipal Water District,SAN FRANCISCO BAY,15,,,,,,,,,,,,,,,,,,,,,,,
KOT,STANISLAUS R AT KOETITZ RANCH,54,37.69978,-121.170194,MODESTO,6,8501,999,999,706,23,2,STANISLAUS,STANISLAUS R,CA Dept of Water Resources/South Central Region Office,SAN JOAQUIN RIVER,1,14,20,,,,,,,,,,,,,,,,,,,,,
LBR,LIBERTY ROAD,100,38.283,-122.7,PETALUMA,2,1801,999,999,75,16,0,SONOMA,PETALUMA R,City of Petaluma,SAN FRANCISCO BAY,45,,,,,,,,,,,,,,,,,,,,,,,
LCF,LITTLEJOHN CK AT FARMINGTON,113,37.9267,-121.0017,STOCKTON,6,9001,999,999,56,23,0,SAN JOAQUIN,SAN JOAQUIN R,US Army Corps of Engineers,SAN JOAQUIN RIVER,1,14,,,,,,,,,,,,,,,,,,,,,,
LCS,LOWER CRYSTAL SPRINGS,424,37.5325,-122.363,SAN MATEO,2,2650,999,999,182,22,2,SAN MATEO,SAN MATEO CREEK,San Francisco PUC,SAN FRANCISCO BAY,14,16,45,,,,,,,,,,,,,,,,,,,,,
LCU,LAKE CURRY,391,38.357784,-122.125549,FAIRFIELD,2,8101,999,999,221,15,34,NAPA,DELTA,Solano County Water Agency,SAN FRANCISCO BAY,45,,,,,,,,,,,,,,,,,,,,,,,
LFY,LAFAYETTE,465,37.885,-122.138,ORINDA,2,2801,999,999,86,22,0,CONTRA COSTA,SF BAY,East Bay Municipal Utility District,SAN FRANCISCO BAY,15,,,,,,,,,,,,,,,,,,,,,,,
LGN,TUOLUMNE R BLW LA GRANGE DAM NR LA GRANG,170,37.6663208,-120.4421387,LA GRANGE,6,8601,999,999,58,24,0,STANISLAUS,TUOLUMNE R,US Geological Survey,SAN JOAQUIN RIVER,1,14,20,41,,,,,,,,,,,,,,,,,,,,
LGR,LA GRANGE RELEASE,52,37.667,-120.462,TURLOCK,6,8601,999,999,56,24,0,STANISLAUS,TUOLUMNE R,US Army Corps of Engineers,SAN JOAQUIN RIVER,7,,,,,,,,,,,,,,,,,,,,,,,
LGT,LAGUNITAS LAKE,799,37.947,-122.597,PETALUMA,2,1701,999,999,89,22,0,MARIN,COAST-MARIN,Marin Municipal Water District,SAN FRANCISCO BAY,2,15,,,,,,,,,,,,,,,,,,,,,,
LIB,LIBERTY ISLAND @ APPROX CNTR S END,0,38.2421,-121.6849,RIO VISTA,5,6501,999,999,58,17,0,SOLANO,SACRAMENTO R,US Geological Survey,SACRAMENTO RIVER,1,20,21,25,61,100,221,,,,,,,,,,,,,,,,,
LIC,LICHAU CREEK,600,38.317,-122.633,PETALUMA,2,1801,999,999,75,16,0,SONOMA,PETALUMA R,City of Petaluma,SAN FRANCISCO BAY,2,45,,,,,,,,,,,,,,,,,,,,,,
LIR,LIBERTY ISLAND - RD2068,0,38.32928085,-121.6939697,SACRAMENTO,5,6501,999,999,704,999,0,SOLANO,SACRAMENTO R,CA Dept of Water Resources/North Central Region Office,SACRAMENTO RIVER,1,14,16,141,,,,,,,,,,,,,,,,,,,,
LIS,YOLO BYPASS AT LISBON,0,38.47478104,-121.5882263,FREEPORT,5,6501,700,999,704,999,0,YOLO,SACRAMENTO R,CA Dept of Water Resources/North Central Region Office,SACRAMENTO RIVER,1,14,20,21,25,28,61,62,100,141,169,221,,,,,,,,,,,,
LIY,LIBERTY ISLAND - YOLO BYPASS,0,38.32927704,-121.6939774,SACRAMENTO,5,6501,999,999,704,999,0,SOLANO,SACRAMENTO R,CA Dept of Water Resources/North Central Region Office,SACRAMENTO RIVER,1,16,141,,,,,,,,,,,,,,,,,,,,,
LOD,LODI,40,38.1,-121.283,STOCKTON,6,8301,999,999,40,17,0,SAN JOAQUIN,MOKELUMNE R,National Weather Service,SAN JOAQUIN RIVER,2,,,,,,,,,,,,,,,,,,,,,,,
LPC,LAPACHET RANCH,260,38.032,-120.976,BELLOTA,6,8401,999,999,139,18,0,SAN JOAQUIN,CALAVERAS R,San Joaquin County,SAN JOAQUIN RIVER,16,,,,,,,,,,,,,,,,,,,,,,,
LPS,LITTLE POTATO SLOUGH AT TERMINOUS,0,38.0964,-121.4961,TERMINOUS,6,9001,999,999,58,17,0,SAN JOAQUIN,SAN JOAQUIN R,US Geological Survey,SAN JOAQUIN RIVER,1,20,21,25,100,221,,,,,,,,,,,,,,,,,,
LSM,LOS MEDANOS,130,37.9973,-121.8564,ANTIOCH,2,2801,999,999,107,23,0,CONTRA COSTA,SF BAY,Contra Costa County,SAN FRANCISCO BAY,16,,,,,,,,,,,,,,,,,,,,,,,
LTR,LAS TRAMPAS,1760,37.834,-122.067,WALNUT CREEK,2,2001,999,999,301,22,0,CONTRA COSTA,EAST BAY,East Bay Regional Parks Fire-Rescue Services,SAN FRANCISCO BAY,2,4,9,10,11,12,13,14,26,30,31,32,77,78,,,,,,,,,,
LVQ,LOS VAQUEROS RESERVOIR,472,37.838,-121.726,BYRON,2,8151,999,999,97,23,0,CONTRA COSTA,KELLOGG CREEK,Contra Costa Water District,SAN FRANCISCO BAY,15,,,,,,,,,,,,,,,,,,,,,,,
M38,NF MOKELUMNE R AB TIGER CREEK,2338,38.446667,-120.489166,WEST POINT,6,8301,999,999,60,18,20,AMADOR,MOKELUMNE R,Pacific Gas & Electric,SAN JOAQUIN RIVER,20,,,,,,,,,,,,,,,,,,,,,,,
M46,NF MOKELUMNE R BL ELECTRA DIVERSION,1980,38.420834,-120.548889,WEST POINT,6,8301,999,999,60,18,20,AMADOR,MOKELUMNE R,Pacific Gas & Electric,SAN JOAQUIN RIVER,20,,,,,,,,,,,,,,,,,,,,,,,
M64,WEST POINT POWERHOUSE,2028,38.4209,-120.54958,WEST POINT,6,8301,999,999,60,0,20,ALAMEDA,MOKELUMNE R,Pacific Gas & Electric,SAN JOAQUIN RIVER,48,272,,,,,,,,,,,,,,,,,,,,,,
M65,ELECTRA POWERHOUSE,686,38.33101,-120.6699,MOKELUMNE HILL,6,8301,999,999,60,0,20,AMADOR,MOKELUMNE R,Pacific Gas & Electric,SAN JOAQUIN RIVER,48,272,,,,,,,,,,,,,,,,,,,,,,
MAB,MIDDLE RIVER ABOVE BARRIER,7,37.88518143,-121.4727631,STOCKTON,6,9001,999,999,704,999,17,SAN JOAQUIN,SAN JOAQUIN R,CA Dept of Water Resources/North Central Region Office,SAN JOAQUIN RIVER,1,20,21,25,,,,,,,,,,,,,,,,,,,,
MAC,MARSH CREEK RESERVOIR,205,37.89,-121.725,,2,2001,999,999,107,23,0,CONTRA COSTA,EAST BAY,Contra Costa County,SAN FRANCISCO BAY,6,16,,,,,,,,,,,,,,,,,,,,,,
MAL,SACRAMENTO RIVER AT MALLARD ISLAND,0,38.04280472,-121.9200897,PITTSBURG,5,6501,999,999,705,999,0,CONTRA COSTA,SACRAMENTO R,CA Dept of Water Resources/Div of Environmental Services,SACRAMENTO RIVER,1,4,5,9,10,14,20,21,25,26,27,28,61,62,92,100,102,141,,,,,,
MBT,NF MOKELUMNE R BL TIGER CREEK AFTERBAY,2220,38.440277,-120.503891,WEST POINT,6,8301,999,999,60,18,20,AMADOR,MOKELUMNE R,Pacific Gas & Electric,SAN JOAQUIN RIVER,20,41,,,,,,,,,,,,,,,,,,,,,,
MBW,MARSH CREEK AT BRENTWOOD,43,37.962552,-121.688089,BRENTWOOD,2,2001,999,999,107,22,23,CONTRA COSTA,EAST BAY,Contra Costa County,SAN FRANCISCO BAY,1,,,,,,,,,,,,,,,,,,,,,,,
MCC,COSUMNES RIVER NEAR MCCONNELL,5,38.35766602,-121.3437347,GALT,6,8201,999,999,704,999,0,SACRAMENTO,COSUMNES R,CA Dept of Water Resources/North Central Region Office,SAN JOAQUIN RIVER,1,14,169,,,,,,,,,,,,,,,,,,,,,
MCI,MCINTIRE ROAD,180,38.22,-121.038,LOCKEFORD,6,8301,999,999,139,17,0,SAN JOAQUIN,MOKELUMNE R,San Joaquin County,SAN JOAQUIN RIVER,16,,,,,,,,,,,,,,,,,,,,,,,
MCM,MORRISON CREEK AT MACK ROAD,13,38.478,-121.458,FLORIN,5,6501,999,999,500,17,0,SACRAMENTO,SACRAMENTO R,Sacramento Dept of Public Works,SACRAMENTO RIVER,1,2,16,45,,,,,,,,,,,,,,,,,,,,
MDA,MARSH CREEK AT DAINTY AVENUE,80,37.932581,-121.711218,BRENTWOOD,2,2001,999,999,107,22,23,CONTRA COSTA,EAST BAY,Contra Costa County,SAN FRANCISCO BAY,1,,,,,,,,,,,,,,,,,,,,,,,
MDE,MODESTO IRRIG DISTRICT OFFICE,91,37.65,-121.001,MODESTO,6,8601,999,999,206,23,0,STANISLAUS,TUOLUMNE R,Modesto Irrigation District,SAN JOAQUIN RIVER,2,,,,,,,,,,,,,,,,,,,,,,,
MDH,MT DIABLO PARK HEADQUARTERS,1600,37.8503,-121.9317,DANVILLE,2,8101,999,999,107,23,0,CONTRA COSTA,DELTA,Contra Costa County,SAN FRANCISCO BAY,16,,,,,,,,,,,,,,,,,,,,,,,
MDM,MIDDLE RIVER AT MIDDLE RIVER,10,37.943,-121.534,KNIGHTSEN,6,8101,999,999,58,23,0,SAN JOAQUIN,DELTA,US Geological Survey,SAN JOAQUIN RIVER,1,20,21,25,41,100,221,,,,,,,,,,,,,,,,,
MDO,MODESTO RESERVOIR,210,37.657,-120.675,TURLOCK,6,8601,999,999,206,24,0,STANISLAUS,TUOLUMNE R,Modesto Irrigation District,SAN JOAQUIN RIVER,15,,,,,,,,,,,,,,,,,,,,,,,
MDZ,MENDEZ RANCH,322,38.062,-120.924,BELLOTA,6,8401,999,999,139,18,0,STANISLAUS,CALAVERAS R,San Joaquin County,SAN JOAQUIN RIVER,2,16,45,,,,,,,,,,,,,,,,,,,,,
MFD,MARSH CREEK FIRE DEPARTMENT,680,37.893,-121.865,DANVILLE,2,9001,999,999,107,23,0,CONTRA COSTA,SAN JOAQUIN R,Contra Costa County,SAN FRANCISCO BAY,16,,,,,,,,,,,,,,,,,,,,,,,
MFR,MORRISON CREEK AT FLORIN ROAD,20,38.4985199,-121.4527283,FLORIN,5,6501,999,999,58,17,0,SACRAMENTO,SACRAMENTO R,US Geological Survey,SACRAMENTO RIVER,1,14,20,,,,,,,,,,,,,,,,,,,,,
MFV,MINER SLOUGH AT FIVE POINTS,23,38.29011536,-121.644783,SACRAMENTO,5,6501,999,999,704,999,0,SOLANO,SACRAMENTO R,CA Dept of Water Resources/North Central Region Office,SACRAMENTO RIVER,1,14,,,,,,,,,,,,,,,,,,,,,,
MGS,MERCED RIVER NEAR G ST IN SNELLING,250,37.50383,-120.4524,SNELLING,6,8701,999,999,801,24,0,MERCED,MERCED R,CA Dept of Fish and Wildlife,SAN JOAQUIN RIVER,25,,,,,,,,,,,,,,,,,,,,,,,
MHB,COSUMNES RIVER AT MICHIGAN BAR,168,38.50018692,-121.0452194,JACKSON,6,8201,700,999,58,17,0,SACRAMENTO,COSUMNES R,US Geological Survey,SAN JOAQUIN RIVER,1,8,14,20,41,169,,,,,,,,,,,,,,,,,,
MHO,MIDDLE RIVER NEAR HOWARD ROAD BRIDGE,0,37.876222,-121.383306,TRACY,6,8101,999,999,704,23,17,SAN JOAQUIN,DELTA,CA Dept of Water Resources/North Central Region Office,SAN JOAQUIN RIVER,25,28,61,62,100,221,,,,,,,,,,,,,,,,,,
MHR,MIDDLE RIVER AT HOWARD ROAD BRIDGE,20,37.877,-121.384,STOCKTON,6,9001,999,999,704,23,0,SAN JOAQUIN,SAN JOAQUIN R,CA Dept of Water Resources/North Central Region Office,SAN JOAQUIN RIVER,1,5,14,25,100,141,,,,,,,,,,,,,,,,,,
MID,MID CANAL AT LA GRANGE,296,37.672,-120.443,TURLOCK,6,8601,999,999,206,24,0,STANISLAUS,TUOLUMNE R,Modesto Irrigation District,SAN JOAQUIN RIVER,20,,,,,,,,,,,,,,,,,,,,,,,
MIR,MINER SLOUGH NEAR SACRAMENTO RIVER,5,38.236027,-121.666055,RIO VISTA,5,6501,999,999,704,16,17,SOLANO,SACRAMENTO R,CA Dept of Water Resources/North Central Region Office,SACRAMENTO RIVER,1,20,21,25,28,41,61,62,100,221,222,223,224,,,,,,,,,,,
MKM,MOKELUMNE-MOKELUMNE HILL,575,38.313,-120.719,JACKSON,6,8301,999,999,86,18,0,AMADOR,MOKELUMNE R,East Bay Municipal Utility District,SAN JOAQUIN RIVER,8,65,66,260,261,262,263,264,265,,,,,,,,,,,,,,,
MKN,NF MOKELUMNE R BLW SNODGRASS SLOUGH,9,38.223138,-121.50677,,6,8301,999,999,704,16,2,SAN JOAQUIN,MOKELUMNE R,CA Dept of Water Resources/North Central Region Office,SAN JOAQUIN RIVER,14,100,146,,,,,,,,,,,,,,,,,,,,,
MKW,MOKELUMNE AT WEST POINT,1950,38.368,-120.544,WEST POINT,6,8301,999,999,58,18,0,CALAVERAS,MOKELUMNE R,US Geological Survey,SAN JOAQUIN RIVER,65,66,,,,,,,,,,,,,,,,,,,,,,
MLR,MALLORY RIDGE,2040,37.817,-121.779,DANVILLE,2,8101,999,999,97,23,0,CONTRA COSTA,DELTA,Contra Costa Water District,SAN FRANCISCO BAY,2,4,9,10,11,12,13,14,26,30,31,32,77,78,,,,,,,,,,
MOD,TUOLUMNE RIVER AT MODESTO,90,37.62687683,-120.9879913,MODESTO,6,8601,700,999,58,24,2,STANISLAUS,TUOLUMNE R,US Geological Survey,SAN JOAQUIN RIVER,1,5,14,20,25,41,100,169,,,,,,,,,,,,,,,,
MOK,MOKELUMNE R AT SAN JOAQUIN RIVER,0,38.1061,-121.5711,ISLETON,6,8301,999,999,5,17,0,SAN JOAQUIN,MOKELUMNE R,USGS/DWR,SAN JOAQUIN RIVER,1,20,21,25,100,221,,,,,,,,,,,,,,,,,,
MRB,SAN JOAQUIN R AT MAZE RD BRIDGE,39,37.6414,-121.2276,SAN JOAQUIN CITY,6,9001,999,999,1,23,0,STANISLAUS,SAN JOAQUIN R,CA Dept of Water Resources,SAN JOAQUIN RIVER,1,14,20,25,27,28,41,61,62,100,,,,,,,,,,,,,,
MRH,MARSH CREEK FIRE,740,37.8949,-121.8635,CONCORD,2,2801,999,999,107,23,0,CONTRA COSTA,SF BAY,Contra Costa County,SAN FRANCISCO BAY,1,16,,,,,,,,,,,,,,,,,,,,,,
MRS,MORMON SLOUGH AT BELLOTA (USACE),130,38.054,-121.012,BELLOTA,6,8401,999,999,56,17,0,CALAVERAS,CALAVERAS R,US Army Corps of Engineers,SAN JOAQUIN RIVER,1,2,14,20,45,169,,,,,,,,,,,,,,,,,,
MRU,MIDDLE RIVER AT UNDINE ROAD,0,37.8339,-121.386,LATHROP,6,9001,999,999,704,23,17,SAN JOAQUIN,SAN JOAQUIN R,CA Dept of Water Resources/North Central Region Office,SAN JOAQUIN RIVER,1,20,21,25,28,61,62,100,221,,,,,,,,,,,,,,,
MRW,MORROW ISLAND  DISTRIBUTION SYSTEM,0,38.11207,-122.098074,SUISUN CITY,5,8101,999,999,705,0,21,SOLANO,DELTA,CA Dept of Water Resources/Div of Environmental Services,SACRAMENTO RIVER,1,14,,,,,,,,,,,,,,,,,,,,,,
MRX,MIDDLE RIVER NEAR TRACY BLVD,13,37.881415,-121.467395,TRACY,6,9001,999,999,704,22,17,SAN JOAQUIN,SAN JOAQUIN R,CA Dept of Water Resources/North Central Region Office,SAN JOAQUIN RIVER,25,28,61,62,100,221,,,,,,,,,,,,,,,,,,
MRZ,MARTINEZ,8,38.02763748,-122.1404877,MARTINEZ,2,2001,999,999,705,999,0,CONTRA COSTA,EAST BAY,CA Dept of Water Resources/Div of Environmental Services,SAN FRANCISCO BAY,1,4,5,9,10,14,25,26,27,28,61,62,92,100,102,141,,,,,,,,
MSA,MURRAY CK NR SAN ANDREAS,880,38.2116,-120.6751,SAN ANDREAS,6,8301,999,999,58,17,2,CALAVERAS,MOKELUMNE R,US Geological Survey,SAN JOAQUIN RIVER,1,14,16,45,,,,,,,,,,,,,,,,,,,,
MSB,MORMON SLOUGH AT BELLOTA (ALERT),125,38.053,-121.01,BELLOTA,6,8401,999,999,139,17,0,SAN JOAQUIN,CALAVERAS R,San Joaquin County,SAN JOAQUIN RIVER,1,,,,,,,,,,,,,,,,,,,,,,,
MSD,SAN JOAQUIN RIVER AT MOSSDALE BRIDGE,31,37.786,-121.306,MANTECA,6,9001,999,999,705,23,0,SAN JOAQUIN,SAN JOAQUIN R,CA Dept of Water Resources/Div of Environmental Services,SAN JOAQUIN RIVER,1,4,5,9,10,14,20,21,25,26,27,28,41,61,62,100,146,169,,,,,,
MSL,MONTEZUMA SLOUGH AT ROARING R,0,38.0934,-121.8872,FAIRFIELD,5,8101,999,999,705,17,21,SOLANO,DELTA,CA Dept of Water Resources/Div of Environmental Services,SACRAMENTO RIVER,1,14,25,27,28,61,62,100,,,,,,,,,,,,,,,,
MSN,MERCED RIVER NEAR SNELLING,260,37.502,-120.451,SNELLING,6,8701,700,999,706,24,0,MERCED,MERCED R,CA Dept of Water Resources/South Central Region Office,SAN JOAQUIN RIVER,1,14,20,41,,,,,,,,,,,,,,,,,,,,
MSP,MISSION PEAK,1580,37.517,-121.883,FREMONT,2,2101,999,999,40,23,0,ALAMEDA,ALAMEDA CR,National Weather Service,SAN FRANCISCO BAY,16,,,,,,,,,,,,,,,,,,,,,,,
MTB,MIDDLE RIVER AT TRACY BLVD,20,37.881,-121.456,TRACY,6,9001,999,999,704,23,0,SAN JOAQUIN,SAN JOAQUIN R,CA Dept of Water Resources/North Central Region Office,SAN JOAQUIN RIVER,1,5,14,25,100,141,,,,,,,,,,,,,,,,,,
MTD,MOUNT DIABLO,3849,37.8816,-121.9141,LAYFAYETTE,2,2001,999,999,303,23,0,CONTRA COSTA,EAST BAY,San Ramon Valley Fire District,SAN FRANCISCO BAY,2,4,9,10,11,12,13,14,17,26,30,31,32,77,78,,,,,,,,,
MTZ,MT. ZION,2968,38.39,-120.6525,PINE GROVE,6,8301,999,999,3,18,0,AMADOR,MOKELUMNE R,CA Dept of Forestry and Fire Protection,SAN JOAQUIN RIVER,2,4,9,10,11,12,13,14,30,31,32,,,,,,,,,,,,,
MUP,MIDDLE RIVER AT UNION POINT,0,37.890778,-121.488361,TRACY,6,9001,999,999,704,23,17,SAN JOAQUIN,SAN JOAQUIN R,CA Dept of Water Resources/North Central Region Office,SAN JOAQUIN RIVER,1,25,28,61,62,100,221,,,,,,,,,,,,,,,,,
MUR,ANGELS CK BLW MURPHYS,2138,38.137,-120.469,MURPHYS,6,8501,999,999,610,17,0,CALAVERAS,STANISLAUS R,Utica Power Authority,SAN JOAQUIN RIVER,1,14,115,141,,,,,,,,,,,,,,,,,,,,
MVA,MT VACA,2611,38.395,-122.098618,VACAVILLE,5,8011,999,999,221,15,34,SOLANO,ULATIS CR,Solano County Water Agency,SACRAMENTO RIVER,45,,,,,,,,,,,,,,,,,,,,,,,
NAP,NAPA RIVER NEAR NAPA,25,38.36824417,-122.3033066,NAPA,2,1901,700,999,5,16,0,NAPA,NAPA R,USGS/DWR,SAN FRANCISCO BAY,1,14,20,27,41,146,169,,,,,,,,,,,,,,,,,
NCA,NICASIO,180,38.075,-122.757,POINT REYES STATION,2,1701,999,999,89,16,0,MARIN,COAST-MARIN,Marin Municipal Water District,SAN FRANCISCO BAY,15,,,,,,,,,,,,,,,,,,,,,,,
NGP,NEW HOGAN POOL,546,38.1503,-120.8125,VALLEY SPRINGS,6,8401,999,999,56,18,0,CALAVERAS,CALAVERAS R,US Army Corps of Engineers,SAN JOAQUIN RIVER,14,43,,,,,,,,,,,,,,,,,,,,,,
NGQ,CALAVERAS R BLW NEW HOGAN DAM,520,38.1481,-120.8239,VALLEY SPRINGS,6,8401,999,999,56,18,0,CALAVERAS,CALAVERAS R,US Army Corps of Engineers,SAN JOAQUIN RIVER,1,14,25,,,,,,,,,,,,,,,,,,,,,
NHG,NEW HOGAN LAKE,554,38.152,-120.812,VALLEY SPRINGS,6,8401,999,999,56,18,0,CALAVERAS,CALAVERAS R,US Army Corps of Engineers,SAN JOAQUIN RIVER,2,6,7,8,15,22,23,31,32,45,76,91,94,200,,,,,,,,,,
NHW,NEW HOGAN WEATHER,554,38.1508,-120.8156,VALLEY SPRINGS,6,8401,999,999,56,18,11,CALAVERAS,CALAVERAS R,US Army Corps of Engineers,SAN JOAQUIN RIVER,2,4,9,10,12,14,17,26,29,45,47,175,,,,,,,,,,,,
NML,NEW MELONES RESERVOIR,1135,37.9481,-120.525,SONORA,6,8501,999,999,50,24,0,CALAVERAS,STANISLAUS R,US Bureau of Reclamation,SAN JOAQUIN RIVER,6,8,15,22,23,45,48,68,71,74,76,85,94,200,,,,,,,,,,
NMQ,NEW MELONES DAM HQ,960,38,-120.49,JAMESTOWN,6,8501,999,999,56,17,13,TUOLUMNE,STANISLAUS R,US Army Corps of Engineers,SAN JOAQUIN RIVER,2,203,,,,,,,,,,,,,,,,,,,,,,
NMR,NORTH MOKELUMNE R AT W WALNUT GROVE RD,0,38.2232,-121.5071,WALNUT GROVE,6,8301,999,999,58,17,0,SAN JOAQUIN,MOKELUMNE R,US Geological Survey,SAN JOAQUIN RIVER,1,20,21,25,100,221,,,,,,,,,,,,,,,,,,
NMS,NEW MELONES,1400,37.95193863,-120.5258331,SONORA,6,8501,50,702,50,999,0,CALAVERAS,STANISLAUS R,US Bureau of Reclamation,SAN JOAQUIN RIVER,2,4,14,16,30,31,32,45,,,,,,,,,,,,,,,,
NMT,NEW MELONES POWERHOUSE TAILRACE,1135,37.946,-120.532,SONORA,6,8501,999,999,801,24,0,TUOLUMNE,STANISLAUS R,CA Dept of Fish and Wildlife,SAN JOAQUIN RIVER,25,,,,,,,,,,,,,,,,,,,,,,,
NPH,NAPA R NR ST HELENA,170,38.498,-122.427,SAINT HELENA,2,1901,999,999,58,16,0,NAPA,NAPA R,US Geological Survey,SAN FRANCISCO BAY,65,66,72,,,,,,,,,,,,,,,,,,,,,
NSH,NAPA FIRE DEPARTMENT,35,38.283,-122.267,,2,1901,999,999,128,16,13,NAPA,NAPA R,Napa County,SAN FRANCISCO BAY,2,,,,,,,,,,,,,,,,,,,,,,,
NSL,NATIONAL STEEL,0,38.1221,-121.8881,BIRD'S LANDING,5,6501,999,999,705,17,0,SOLANO,SACRAMENTO R,CA Dept of Water Resources/Div of Environmental Services,SACRAMENTO RIVER,1,14,20,21,25,27,28,61,62,100,,,,,,,,,,,,,,
NSN,NORTH SAN ANDREAS,617,37.612,-122.443,SAN BRUNO,2,2650,999,999,182,22,2,SAN MATEO,SAN MATEO CREEK,San Francisco PUC,SAN FRANCISCO BAY,14,16,45,,,,,,,,,,,,,,,,,,,,,
OAD,OLD RIVER NEAR DMC ABOVE DAM,4,37.81032181,-121.5421066,TRACY,6,9001,999,999,704,999,0,SAN JOAQUIN,SAN JOAQUIN R,CA Dept of Water Resources/North Central Region Office,SAN JOAQUIN RIVER,1,14,25,27,28,61,62,100,141,,,,,,,,,,,,,,,
OBB,STANISLAUS R AT ORANGE BLOSSOM BRIDGE,117,37.783,-120.75,OAKDALE,6,8501,700,999,706,24,0,STANISLAUS,STANISLAUS R,CA Dept of Water Resources/South Central Region Office,SAN JOAQUIN RIVER,1,14,20,25,41,100,169,,,,,,,,,,,,,,,,,
OBD,OLD RIVER NEAR DMC BELOW DAM,4,37.81096268,-121.5439377,TRACY,6,9001,999,999,704,999,0,SAN JOAQUIN,SAN JOAQUIN R,CA Dept of Water Resources/North Central Region Office,SAN JOAQUIN RIVER,1,14,25,100,141,,,,,,,,,,,,,,,,,,,
OBI,OLD RIVER AT BACON ISLAND (USGS),10,37.96936798,-121.5722198,BRENTWOOD,6,8101,999,999,5,999,0,SAN JOAQUIN,DELTA,USGS/DWR,SAN JOAQUIN RIVER,1,20,21,25,41,100,221,,,,,,,,,,,,,,,,,
OBS,STANISLAUS R NEAR ORANGE BLOSSOM BRIDGE,200,37.791,-120.765,KNIGHTS FERRY,6,8501,999,999,801,24,0,STANISLAUS,STANISLAUS R,CA Dept of Fish and Wildlife,SAN JOAQUIN RIVER,25,,,,,,,,,,,,,,,,,,,,,,,
ODA,ORINDA FIRE STATION 43,700,37.899588,-122.170402,ORINDA,2,2001,999,999,107,21,0,CONTRA COSTA,EAST BAY,Contra Costa County,SAN FRANCISCO BAY,2,16,45,,,,,,,,,,,,,,,,,,,,,
ODL,OAKDALE (CIMIS 194),165,37.727194,-120.85086,OAKDALE,6,9001,999,999,706,23,5,STANISLAUS,SAN JOAQUIN R,CA Dept of Water Resources/South Central Region Office,SAN JOAQUIN RIVER,31,32,45,,,,,,,,,,,,,,,,,,,,,
ODM,OLD RIVER AT DELTA MENDOTA CANAL,10,37.8102951,-121.5421448,TRACY,6,8101,999,999,5,999,0,SAN JOAQUIN,DELTA,USGS/DWR,SAN JOAQUIN RIVER,1,20,21,25,28,41,61,62,100,221,,,,,,,,,,,,,,
OH1,OLD RIVER AT HEAD,15,37.80755234,-121.3312531,TRACY,6,9001,999,999,704,999,0,SAN JOAQUIN,SAN JOAQUIN R,CA Dept of Water Resources/North Central Region Office,SAN JOAQUIN RIVER,1,14,20,21,25,28,41,61,62,100,115,221,,,,,,,,,,,,
OH4,OLD RIVER AT HIGHWAY 4,10,37.891109,-121.569168,BYRON,6,8101,999,999,58,23,0,CONTRA COSTA,DELTA,US Geological Survey,SAN JOAQUIN RIVER,1,20,21,25,100,221,,,,,,,,,,,,,,,,,,
OKC,OAKDALE CANAL,350,37.859,-120.632,KNIGHTS FERRY,6,8601,999,999,58,24,0,TUOLUMNE,TUOLUMNE R,US Geological Survey,SAN JOAQUIN RIVER,23,69,,,,,,,,,,,,,,,,,,,,,,
OKM,OAKLAND MUSEUM,30,37.8,-122.267,OAKLAND,2,2801,999,999,40,22,0,ALAMEDA,SF BAY,National Weather Service,SAN FRANCISCO BAY,2,,,,,,,,,,,,,,,,,,,,,,,
OKW,OAKDALE WEATHER STATION,186,37.7347,-120.845,OAKDALE,6,8501,999,999,150,24,0,STANISLAUS,STANISLAUS R,Stanislaus County,SAN JOAQUIN RIVER,2,4,9,10,11,12,13,14,26,77,78,,,,,,,,,,,,,
OLD,OLD RIVER NEAR TRACY,5,37.80480957,-121.4495621,TRACY,5,8101,999,999,703,999,0,SAN JOAQUIN,DELTA,CA Dept of Water Resources/Operations and Maintenance,SACRAMENTO RIVER,1,5,14,20,21,25,100,141,,,,,,,,,,,,,,,,
OLR,OLD RIVER NEAR TRACY,5,37.805,-121.449,TRACY,5,8101,999,999,1,23,0,SAN JOAQUIN,DELTA,CA Dept of Water Resources,SACRAMENTO RIVER,1,14,,,,,,,,,,,,,,,,,,,,,,
OMR,OLD & MIDDLE RVRS TIDALLY FILTERED EST,10,37.97,-121.5711,,6,8101,999,999,703,23,6,SAN JOAQUIN,DELTA,CA Dept of Water Resources/Operations and Maintenance,SAN JOAQUIN RIVER,20,41,,,,,,,,,,,,,,,,,,,,,,
ONO,OAKLAND NORTH,1500,37.867,-122.217,OAKLAND,2,2001,999,999,302,22,0,ALAMEDA,EAST BAY,Oakland Fire Services Agency,SAN FRANCISCO BAY,2,4,9,10,11,12,13,14,30,31,32,77,78,,,,,,,,,,,
ORA,STANISLAUS R AT OAKDALE REC AREA,98,37.771,-120.867,OAKDALE,6,8501,999,999,801,24,0,STANISLAUS,STANISLAUS R,CA Dept of Fish and Wildlife,SAN JOAQUIN RIVER,25,,,,,,,,,,,,,,,,,,,,,,,
ORB,OLD RIVER AT BYRON,18,37.89,-121.57,BYRON,6,9001,999,999,704,23,0,CONTRA COSTA,SAN JOAQUIN R,CA Dept of Water Resources/North Central Region Office,SAN JOAQUIN RIVER,1,14,141,,,,,,,,,,,,,,,,,,,,,
ORI,OLD RIVER AT CLIFTON COURT INTAKE,0,37.828,-121.5526,BYRON,6,9001,999,999,704,23,0,CONTRA COSTA,SAN JOAQUIN R,CA Dept of Water Resources/North Central Region Office,SAN JOAQUIN RIVER,1,20,21,25,28,61,62,100,221,,,,,,,,,,,,,,,
ORM,OLD RIVER UPSTREAM OF MOUNTAIN HOUSE CRK,5,37.79384,-121.51738,TRACY,6,9001,999,999,704,22,17,SAN JOAQUIN,SAN JOAQUIN R,CA Dept of Water Resources/North Central Region Office,SAN JOAQUIN RIVER,1,20,21,25,28,61,62,100,221,,,,,,,,,,,,,,,
ORQ,OLD RIVER AT QUIMBLY IS NEAR BETHEL IS,0,38.0272,-121.5645,BETHEL ISLAND,6,9001,999,999,5,17,0,SAN JOAQUIN,SAN JOAQUIN R,USGS/DWR,SAN JOAQUIN RIVER,1,20,21,25,100,221,,,,,,,,,,,,,,,,,,
ORX,OLD RIVER ABOVE DOUGHTY CUT,8,37.810997,-121.386576,TRACY,6,9001,999,999,704,23,17,SAN JOAQUIN,SAN JOAQUIN R,CA Dept of Water Resources/North Central Region Office,SAN JOAQUIN RIVER,1,20,21,25,28,61,62,100,221,,,,,,,,,,,,,,,
OSJ,OLD RIVER AT FRANKS TRACT NEAR TERMINOUS,0,38.0711,-121.5789,TERMINOUS,6,8101,999,999,5,17,0,SAN JOAQUIN,DELTA,USGS/DWR,SAN JOAQUIN RIVER,1,20,21,25,28,61,100,221,222,223,224,,,,,,,,,,,,,
OSO,OAKLAND SOUTH,1000,37.7881,-122.1436,OAKLAND,2,2001,999,999,302,22,0,ALAMEDA,EAST BAY,Oakland Fire Services Agency,SAN FRANCISCO BAY,2,4,9,10,11,12,13,14,30,31,32,45,77,78,,,,,,,,,,
PAR,PARDEE,568,38.25,-120.85,VALLEY SPRINGS,6,8301,999,999,86,18,0,CALAVERAS,MOKELUMNE R,East Bay Municipal Utility District,SAN JOAQUIN RIVER,2,6,15,22,23,45,76,,,,,,,,,,,,,,,,,
PCO,PARADISE CUT ABV OLD R,26,37.8019444,-121.412306,TRACY,6,8101,999,999,704,23,2,SAN JOAQUIN,DELTA,CA Dept of Water Resources/North Central Region Office,SAN JOAQUIN RIVER,14,25,100,,,,,,,,,,,,,,,,,,,,,
PCT,PORT CHICAGO,0,38.056788,-121.999971,WEST PITTSBURG,5,8101,999,999,50,16,0,CONTRA COSTA,DELTA,US Bureau of Reclamation,SACRAMENTO RIVER,14,25,100,102,,,,,,,,,,,,,,,,,,,,
PDC,PARADISE CUT,8,37.8020598,-121.4122564,TRACY,6,9001,999,999,704,23,21,SAN JOAQUIN,SAN JOAQUIN R,CA Dept of Water Resources/North Central Region Office,SAN JOAQUIN RIVER,1,20,21,25,100,,,,,,,,,,,,,,,,,,,
PDO,PUTAH DIVERSION OFFICE (PDO),175,38.492016,-122.003517,WINTERS,5,8001,999,999,221,15,34,SOLANO,PUTAH CR,Solano County Water Agency,SACRAMENTO RIVER,45,,,,,,,,,,,,,,,,,,,,,,,
PEL,PELICAN POINT AT ROARING RIVER,0,38.110869,-121.9718,MONTEZUMA,5,8101,999,999,705,17,21,SOLANO,DELTA,CA Dept of Water Resources/Div of Environmental Services,SACRAMENTO RIVER,1,14,,,,,,,,,,,,,,,,,,,,,,
PIL,PILARCITOS CREEK BL STONE DAM,500,37.52466202,-122.3994141,REDWOOD CITY,2,2601,999,999,58,22,0,SAN MATEO,COAST-SAN MATEO,US Geological Survey,SAN FRANCISCO BAY,1,14,20,,,,,,,,,,,,,,,,,,,,,
PIN,PINE GROVE,2440,38.4158287,-120.6655579,PINE GROVE,6,8301,702,702,702,999,0,AMADOR,MOKELUMNE R,CA Dept of Water Resources/DFM-Hydro-SMN,SAN JOAQUIN RIVER,2,4,14,16,45,,,,,,,,,,,,,,,,,,,
PLD,PILARCITOS DAM,700,37.548,-122.422,SAN MATEO,2,2650,999,999,182,22,0,SAN MATEO,SAN MATEO CREEK,San Francisco PUC,SAN FRANCISCO BAY,14,16,45,,,,,,,,,,,,,,,,,,,,,
PPT,PRISONERS POINT,0,38.066,-121.562,STOCKTON,5,8101,999,999,705,17,0,SAN JOAQUIN,DELTA,CA Dept of Water Resources/Div of Environmental Services,SACRAMENTO RIVER,5,14,25,27,28,61,62,100,146,,,,,,,,,,,,,,,
PRF,PARSHAL FLUME FLOW,100,38.492099,-122.005638,WINTERS,2,8001,999,999,221,0,34,SOLANO,PUTAH CR,Solano County Water Agency,SAN FRANCISCO BAY,20,,,,,,,,,,,,,,,,,,,,,,,
PRH,PARSHAL FLUME HEAD,100,38.49209953,-122.0056379,WINTERS,2,8001,999,999,221,0,34,SOLANO,PUTAH CR,Solano County Water Agency,SAN FRANCISCO BAY,1,,,,,,,,,,,,,,,,,,,,,,,
PRI,SAN JOAQUIN R AT PRISONERS PT NR TERMINO,0,38.0594,-121.5572,TERMINOUS,6,9001,999,999,58,17,0,SAN JOAQUIN,SAN JOAQUIN R,US Geological Survey,SAN JOAQUIN RIVER,1,20,21,25,100,221,,,,,,,,,,,,,,,,,,
PRY,PERRY RANCH,315,38.149,-120.922,BURSON,6,8401,999,999,56,18,0,CALAVERAS,CALAVERAS R,US Army Corps of Engineers,SAN JOAQUIN RIVER,2,45,,,,,,,,,,,,,,,,,,,,,,
PSP,PINOLE CREEK AT SAN PABLO,10,38.00585869,-122.2891767,PINOLE,2,2001,999,999,107,15,23,CONTRA COSTA,EAST BAY,Contra Costa County,SAN FRANCISCO BAY,1,,,,,,,,,,,,,,,,,,,,,,,
PTB,PETALUMA RIVER AT D STREET BRIDGE,10,38.233,-122.635,PETALUMA,2,1801,999,999,75,16,0,SONOMA,PETALUMA R,City of Petaluma,SAN FRANCISCO BAY,1,16,,,,,,,,,,,,,,,,,,,,,,
PTF,PUTAH CREEK,100,38.4921,-122.00564,WINTERS,2,8001,999,999,221,0,34,SOLANO,PUTAH CR,Solano County Water Agency,SAN FRANCISCO BAY,20,,,,,,,,,,,,,,,,,,,,,,,
PTR,POINT REYES,80,38.083,-122.95,INVERNESS,2,1701,999,999,40,16,0,MARIN,COAST-MARIN,National Weather Service,SAN FRANCISCO BAY,2,4,9,10,12,17,45,,,,,,,,,,,,,,,,,
PTS,PITTSBURG,10,38.042975,-121.892482,PITTSBURG,5,8101,999,999,50,16,0,CONTRA COSTA,DELTA,US Bureau of Reclamation,SACRAMENTO RIVER,14,25,100,102,,,,,,,,,,,,,,,,,,,,
PUT,PUTAH CREEK NEAR WINTERS,161,38.51518631,-122.0819168,WINTERS,5,8001,999,999,58,16,0,YOLO,PUTAH CR,US Geological Survey,SACRAMENTO RIVER,1,14,20,,,,,,,,,,,,,,,,,,,,,
RBR,ROBIDART RANCH,315,38.137,-121.031,LODI,6,8401,999,999,139,17,0,SAN JOAQUIN,CALAVERAS R,San Joaquin County,SAN JOAQUIN RIVER,2,16,45,,,,,,,,,,,,,,,,,,,,,
RCF,ROCK CK BLW FARMINGTON DAM,100,37.9183,-120.9586,STOCKTON,6,9001,999,999,56,24,0,SAN JOAQUIN,SAN JOAQUIN R,US Army Corps of Engineers,SAN JOAQUIN RIVER,1,2,14,,,,,,,,,,,,,,,,,,,,,
RGP,SAN JOAQUIN R AT RINDGE PUMP,10,37.997279,-121.419451,STOCKTON,5,9001,999,999,704,22,2,SAN JOAQUIN,SAN JOAQUIN R,CA Dept of Water Resources/North Central Region Office,SACRAMENTO RIVER,1,14,,,,,,,,,,,,,,,,,,,,,,
RHL,RICHMOND CITY HALL,55,37.9369,-122.3427,RICHMOND,2,2801,999,999,107,22,0,CONTRA COSTA,SF BAY,Contra Costa County,SAN FRANCISCO BAY,2,16,45,,,,,,,,,,,,,,,,,,,,,
RHW,RODEO CREEK AT HAWTHORNE DRIVE,11,38.02462,-122.26303,RODEO,2,2001,999,999,107,15,23,CONTRA COSTA,EAST BAY,Contra Costa County,SAN FRANCISCO BAY,1,,,,,,,,,,,,,,,,,,,,,,,
RIP,STANISLAUS RIVER AT RIPON,73,37.7296524,-121.1104965,RIPON,6,8501,999,999,58,23,0,SAN JOAQUIN,STANISLAUS R,US Geological Survey,SAN JOAQUIN RIVER,1,14,20,25,41,100,,,,,,,,,,,,,,,,,,
RIV,RIO VISTA,0,38.159203,-121.684543,RIO VISTA,5,8101,999,999,50,16,0,SOLANO,DELTA,US Bureau of Reclamation,SACRAMENTO RIVER,2,5,14,25,100,,,,,,,,,,,,,,,,,,,
RKY,ROCKY RIDGE,2020,37.817,-122.062,DANVILLE,2,2001,999,999,107,22,0,CONTRA COSTA,EAST BAY,Contra Costa County,SAN FRANCISCO BAY,16,,,,,,,,,,,,,,,,,,,,,,,
RMB,TICE CREEK AT ROSSMOOR BASIN,241,37.87607811,-122.0724497,WALNUT CREEK,2,2001,999,999,107,21,23,CONTRA COSTA,EAST BAY,Contra Costa County,SAN FRANCISCO BAY,1,,,,,,,,,,,,,,,,,,,,,,,
ROF,RODEO FIRE DEPARTMENT,30,38.035,-122.27,RODEO,2,2001,999,999,107,16,0,CONTRA COSTA,EAST BAY,Contra Costa County,SAN FRANCISCO BAY,16,,,,,,,,,,,,,,,,,,,,,,,
ROR,ROARING RIVER,10,38.0931,-121.8875,MONTEZUMA,5,8101,999,999,705,0,0,SOLANO,DELTA,CA Dept of Water Resources/Div of Environmental Services,SACRAMENTO RIVER,1,5,6,14,25,100,,,,,,,,,,,,,,,,,,
RPN,RIPON,35,37.729859,-121.110135,RIPON,6,8501,999,999,50,22,0,SAN JOAQUIN,STANISLAUS R,US Bureau of Reclamation,SAN JOAQUIN RIVER,14,25,61,100,,,,,,,,,,,,,,,,,,,,
RRF,RAILROAD FLAT,2720,38.314,-120.543,RAILROAD FLAT,6,8401,999,999,56,18,0,CALAVERAS,CALAVERAS R,US Army Corps of Engineers,SAN JOAQUIN RIVER,2,45,,,,,,,,,,,,,,,,,,,,,,
RRG,RODDY RANCH GOLF CLUB,403,37.9236,-121.7858,ANTIOCH,2,2001,999,999,107,22,0,CONTRA COSTA,EAST BAY,Contra Costa County,SAN FRANCISCO BAY,2,16,45,,,,,,,,,,,,,,,,,,,,,
RRI,ROUGH AND READY ISLAND,15,37.963,-121.365,STOCKTON,6,9001,999,999,705,23,0,SAN JOAQUIN,SAN JOAQUIN R,CA Dept of Water Resources/Div of Environmental Services,SAN JOAQUIN RIVER,1,4,5,9,10,14,20,21,25,26,27,28,30,31,32,61,62,100,141,,,,,
RSL,ROCK SLOUGH ABV CONTRA COSTA CANAL,10,37.97631073,-121.6375961,BRENTWOOD,6,8101,999,999,704,999,0,CONTRA COSTA,DELTA,CA Dept of Water Resources/North Central Region Office,SAN JOAQUIN RIVER,1,14,25,100,141,,,,,,,,,,,,,,,,,,,
RSP,ROSE PEAK,3060,37.502,-121.736,MILPITAS,2,2001,999,999,301,23,2,ALAMEDA,EAST BAY,East Bay Regional Parks Fire-Rescue Services,SAN FRANCISCO BAY,2,4,9,10,11,12,13,14,26,30,31,32,77,78,,,,,,,,,,
RSS,ROSSMOOR,146,37.8706,-122.0644,WALNUT CREEK,2,2001,999,999,107,22,0,CONTRA COSTA,EAST BAY,Contra Costa County,SAN FRANCISCO BAY,16,,,,,,,,,,,,,,,,,,,,,,,
RVB,SACRAMENTO RIVER AT RIO VISTA BRIDGE,0,38.159737,-121.686355,RIO VISTA,5,6501,700,999,705,17,0,SOLANO,SACRAMENTO R,CA Dept of Water Resources/Div of Environmental Services,SACRAMENTO RIVER,1,4,5,9,10,14,25,26,27,28,61,62,100,141,146,169,,,,,,,,
RVS,RIO VISTA,0,38.159737,-121.686355,RIO VISTA,5,8101,999,999,1,17,0,SOLANO,DELTA,CA Dept of Water Resources,SACRAMENTO RIVER,1,5,9,14,26,,,,,,,,,,,,,,,,,,,
RYC,SUISUN BAY ? CUTOFF NEAR RYER,0,38.083971,-121.995878,FAIRFIELD,2,8101,999,999,705,16,21,SOLANO,DELTA,CA Dept of Water Resources/Div of Environmental Services,SAN FRANCISCO BAY,14,25,27,28,61,62,100,,,,,,,,,,,,,,,,,
RYE,SACRAMENTO SHIP CHANNEL AT RYER ISLAND,15,38.2283,-121.6722,RIO VISTA,5,6501,999,999,56,17,0,SOLANO,SACRAMENTO R,US Army Corps of Engineers,SACRAMENTO RIVER,14,177,,,,,,,,,,,,,,,,,,,,,,
RYF,CACHE SLOUGH ABOVE RYER ISLAND FERRY,2,38.193854,-121.658005,RIO VISTA,5,7901,999,999,58,16,22,SOLANO,CACHE CR,US Geological Survey,SACRAMENTO RIVER,1,20,21,25,61,100,221,,,,,,,,,,,,,,,,,
RYI,CACHE SLOUGH AT RYER ISLAND,0,38.2128,-121.6692,RIO FARMS,5,6501,999,999,58,17,0,SOLANO,SACRAMENTO R,US Geological Survey,SACRAMENTO RIVER,1,20,21,25,61,100,221,,,,,,,,,,,,,,,,,
SAE,SACRAMENTO EXECUTIVE AIRPORT,21,38.506943,-121.495003,SACRAMENTO,5,6501,999,999,40,17,13,SACRAMENTO,SACRAMENTO R,National Weather Service,SACRAMENTO RIVER,2,45,,,,,,,,,,,,,,,,,,,,,,
SAL,SAN ANDREAS LANDING,0,38.103301,-121.591315,RIO VISTA,5,8101,999,999,50,16,0,SAN JOAQUIN,DELTA,US Bureau of Reclamation,SACRAMENTO RIVER,14,25,100,,,,,,,,,,,,,,,,,,,,,
SAT,SAN ANTONIO RESERVOIR,468,37.573,-121.848,BRADLEY,2,2101,999,999,180,23,0,ALAMEDA,ALAMEDA CR,San Francisco County,SAN FRANCISCO BAY,6,7,15,,,,,,,,,,,,,,,,,,,,,
SDC,SACRAMENTO R ABOVE DELTA CROSS CHANNEL,10,38.257,-121.518,WALNUT GROVE,5,6501,999,999,58,17,0,SACRAMENTO,SACRAMENTO R,US Geological Survey,SACRAMENTO RIVER,1,20,21,,,,,,,,,,,,,,,,,,,,,
SDI,SACRAMENTO RIVER AT DECKER ISLAND,0,38.0934,-121.736,RIO VISTA,5,6501,999,999,58,17,0,SOLANO,SACRAMENTO R,US Geological Survey,SACRAMENTO RIVER,1,20,21,25,100,221,,,,,,,,,,,,,,,,,,
SDK,SODA CK NR NAPA,200,38.37615,-122.2827,NAPA,2,1910,999,999,128,15,2,NAPA,SODA CREEK,Napa County,SAN FRANCISCO BAY,1,14,16,,,,,,,,,,,,,,,,,,,,,
SDO,STOCKTON DEEP WATER SHIP CHANNEL DO,15,37.963,-121.365,STOCKTON,6,9001,999,999,705,23,21,SAN JOAQUIN,SAN JOAQUIN R,CA Dept of Water Resources/Div of Environmental Services,SAN JOAQUIN RIVER,61,201,202,,,,,,,,,,,,,,,,,,,,,
SDR,SAN ANDREAS,54,38.2,-120.68,SAN ANDREAS,6,8401,999,999,40,18,0,CALAVERAS,CALAVERAS R,National Weather Service,SAN JOAQUIN RIVER,2,45,,,,,,,,,,,,,,,,,,,,,,
SET,STOCKTON EAST TUNNEL,252,37.852,-120.637,OAKDALE,6,8501,999,999,58,24,0,CALAVERAS,STANISLAUS R,US Geological Survey,SAN JOAQUIN RIVER,23,66,,,,,,,,,,,,,,,,,,,,,,
SFF,SAN FRANCISCO WB AP,8,37.617,-122.383,,2,2801,999,999,40,22,0,SAN MATEO,SF BAY,National Weather Service,SAN FRANCISCO BAY,2,,,,,,,,,,,,,,,,,,,,,,,
SFN,SAN FRANCISCO,150,37.770557,-122.426941,SAN FRANCISCO,2,2801,999,999,40,22,13,SAN FRANCISCO,SF BAY,National Weather Service,SAN FRANCISCO BAY,2,45,,,,,,,,,,,,,,,,,,,,,,
SFS,STOCKTON FIRE STATION,14,37.999,-121.319,STOCKTON,6,9001,999,999,1,23,0,SAN JOAQUIN,SAN JOAQUIN R,CA Dept of Water Resources,SAN JOAQUIN RIVER,2,14,16,45,,,,,,,,,,,,,,,,,,,,
SGA,SUGAR CUT,8,37.7928598,-121.4214954,TRACY,6,9001,999,999,704,23,21,SAN JOAQUIN,SAN JOAQUIN R,CA Dept of Water Resources/North Central Region Office,SAN JOAQUIN RIVER,1,20,21,25,100,,,,,,,,,,,,,,,,,,,
SGG,SHAG SLOUGH,0,38.3183333,-121.6930556,COURTLAND,5,6501,999,999,58,16,22,SOLANO,SACRAMENTO R,US Geological Survey,SACRAMENTO RIVER,1,20,21,25,100,221,,,,,,,,,,,,,,,,,,
SGX,SACRAMENTO R AT SNODGRASS,23,38.3497027,-121.533549,COURTLAND,5,6501,999,999,704,0,2,SACRAMENTO,SACRAMENTO R,CA Dept of Water Resources/North Central Region Office,SACRAMENTO RIVER,1,14,,,,,,,,,,,,,,,,,,,,,,
SH4,ST. HELENA 4WSW,1729,38.49306107,-122.5397186,ST HELENA,2,1901,702,702,702,999,2,NAPA,NAPA R,CA Dept of Water Resources/DFM-Hydro-SMN,SAN FRANCISCO BAY,2,4,14,16,45,,,,,,,,,,,,,,,,,,,
SHG,SHIRLEY GULCH,225,37.9019,-120.7589,STOCKTON,6,9001,999,999,56,24,0,SAN JOAQUIN,SAN JOAQUIN R,US Army Corps of Engineers,SAN JOAQUIN RIVER,1,2,14,,,,,,,,,,,,,,,,,,,,,
SHR,SHEEP RANCH,2370,38.21,-120.462,SHEEP RANCH,6,8401,999,999,56,18,0,CALAVERAS,CALAVERAS R,US Army Corps of Engineers,SAN JOAQUIN RIVER,2,45,,,,,,,,,,,,,,,,,,,,,,
SJC,SAN JOAQUIN RIVER NEAR BUCKLEY COVE,10,37.980266,-121.385717,STOCKTON,6,9001,999,999,704,22,17,SAN JOAQUIN,SAN JOAQUIN R,CA Dept of Water Resources/North Central Region Office,SAN JOAQUIN RIVER,20,21,25,,,,,,,,,,,,,,,,,,,,,
SJD,SAN JOAQUIN RIVER ABOVE DOS REIS,7,37.8223312,-121.3177244,LATHROP,6,9001,999,999,704,23,17,SAN JOAQUIN,SAN JOAQUIN R,CA Dept of Water Resources/North Central Region Office,SAN JOAQUIN RIVER,1,20,21,25,100,,,,,,,,,,,,,,,,,,,
SJG,SAN JOAQUIN RIVER AT GARWOOD BRIDGE,13,37.935,-121.329,STOCKTON,6,9001,999,999,58,23,0,SAN JOAQUIN,SAN JOAQUIN R,US Geological Survey,SAN JOAQUIN RIVER,1,20,21,25,28,100,221,,,,,,,,,,,,,,,,,
SJJ,SAN JOAQUIN RIVER AT JERSEY POINT (USGS),10,38.052,-121.689,OAKLEY,6,9001,999,999,58,17,0,CONTRA COSTA,SAN JOAQUIN R,US Geological Survey,SAN JOAQUIN RIVER,1,20,21,25,61,100,221,222,223,224,225,226,227,228,229,230,,,,,,,,
SJL,SAN JOAQUIN R BLW OLD R NEAR LATHROP,10,37.8111496,-121.3240356,LATHROP,6,9001,999,999,704,999,0,SAN JOAQUIN,SAN JOAQUIN R,CA Dept of Water Resources/North Central Region Office,SAN JOAQUIN RIVER,1,14,20,21,25,41,100,141,,,,,,,,,,,,,,,,
SJP,SAN JOAQUIN RIVER NEAR PATTERSON,97,37.494,-121.081,PATTERSON,6,9001,700,999,706,23,2,STANISLAUS,SAN JOAQUIN R,CA Dept of Water Resources/South Central Region Office,SAN JOAQUIN RIVER,1,14,20,25,27,28,41,61,62,100,169,,,,,,,,,,,,,
SJR,SAN JOAQUIN R MCCUNE STATION NR VERNALIS,32,37.67929,-121.26511,SAN JOAQUIN CITY,6,9001,999,999,705,23,21,SAN JOAQUIN,SAN JOAQUIN R,CA Dept of Water Resources/Div of Environmental Services,SAN JOAQUIN RIVER,1,4,9,10,14,20,25,26,27,28,61,62,100,101,109,112,146,148,149,150,151,152,153,179
SJU,SAN JOAQUIN R 4 RIVERS UNIMPAIRED RUNOFF,35,37.67604,-121.2663269,MODESTO,6,9001,999,999,722,0,6,SAN JOAQUIN,SAN JOAQUIN R,CA Dept of Water Resources/DFM-Hydro-Water Supply Fcasting,SAN JOAQUIN RIVER,65,200,263,262,261,260,,,,,,,,,,,,,,,,,,
SKF,STANISLAUS R BL GOODWIN NR KNIGHTS FERRY,253,37.854,-120.637,KNIGHTS FERRY,6,8501,999,999,58,24,0,CALAVERAS,STANISLAUS R,US Geological Survey,SAN JOAQUIN RIVER,1,20,,,,,,,,,,,,,,,,,,,,,,
SKT,STOCKTON DEEP WATER CHANNEL,15,37.9517,-121.3214,STOCKTON,6,9001,999,999,56,23,0,SAN JOAQUIN,SAN JOAQUIN R,US Army Corps of Engineers,SAN JOAQUIN RIVER,14,177,,,,,,,,,,,,,,,,,,,,,,
SLE,SAN LEANDRO BAY,10,37.7,-122.217,SAN LEANDRO,2,2801,999,999,160,22,0,ALAMEDA,SF BAY,Alameda County,SAN FRANCISCO BAY,16,45,,,,,,,,,,,,,,,,,,,,,,
SLJ,SOULAJULE DAM,344,38.153,-122.782,NOVATO,2,1701,999,999,89,16,0,MARIN,COAST-MARIN,Marin Municipal Water District,SAN FRANCISCO BAY,15,,,,,,,,,,,,,,,,,,,,,,,
SMC,ST MARYS COLLEGE,620,37.842,-122.107,MORAGA,2,2001,999,999,107,22,0,CONTRA COSTA,EAST BAY,Contra Costa County,SAN FRANCISCO BAY,16,,,,,,,,,,,,,,,,,,,,,,,
SMR,SOUTH MOKELUMNE R AT W WALNUT GROVE RD,0,38.2255,-121.4911,WALNUT GROVE,6,8301,999,999,58,17,0,SAN JOAQUIN,MOKELUMNE R,US Geological Survey,SAN JOAQUIN RIVER,1,20,21,25,100,221,,,,,,,,,,,,,,,,,,
SMU,SACRAMENTO R REGION UNIMPAIRED RUNOFF,0,38.45,-121.5,FREEPORT,5,6501,999,999,722,0,6,SACRAMENTO,SACRAMENTO R,CA Dept of Water Resources/DFM-Hydro-Water Supply Fcasting,SACRAMENTO RIVER,65,200,263,262,261,260,,,,,,,,,,,,,,,,,,
SNA,SAN ANDREAS COTTAGE,464,37.579,-122.409,SAN MATEO,2,2650,999,999,74,22,0,SAN MATEO,SAN MATEO CREEK,City of San Francisco,SAN FRANCISCO BAY,14,16,,,,,,,,,,,,,,,,,,,,,,
SNC,SUNRISE CLUB,0,38.185,-122.083,CORDELIA,5,8101,999,999,705,16,0,SOLANO,DELTA,CA Dept of Water Resources/Div of Environmental Services,SACRAMENTO RIVER,1,5,14,25,100,,,,,,,,,,,,,,,,,,,
SNN,SAN ANDREAS,456,37.578,-122.412,MILLBRAE,2,2801,999,999,180,22,0,SAN MATEO,SF BAY,San Francisco County,SAN FRANCISCO BAY,15,,,,,,,,,,,,,,,,,,,,,,,
SNO,SONOMA COUNTY AIRPORT (SANTA ROSA),114,38.503887,-122.81028,SANTA ROSA,1,1601,999,999,40,16,13,SONOMA,RUSSIAN R,National Weather Service,NORTH COAST,2,45,,,,,,,,,,,,,,,,,,,,,,
SNP,SAN PABLO CREEK AT LA HONDA ROAD,152,37.963426,-122.28722,EL SOBRANTE,2,2001,999,999,86,21,4,CONTRA COSTA,EAST BAY,East Bay Municipal Utility District,SAN FRANCISCO BAY,1,,,,,,,,,,,,,,,,,,,,,,,
SNR,SANGUINETTI RANCH,238,37.993,-120.981,LINDEN,6,9001,999,999,139,24,0,SAN JOAQUIN,SAN JOAQUIN R,San Joaquin County,SAN JOAQUIN RIVER,2,16,45,,,,,,,,,,,,,,,,,,,,,
SNS,STANISLAUS R-GOODWIN,252,37.852,-120.637,KNIGHTS FERRY,6,8501,999,999,58,24,0,CALAVERAS,STANISLAUS R,US Geological Survey,SAN JOAQUIN RIVER,23,65,66,260,261,262,263,264,265,,,,,,,,,,,,,,,
SNV,SAN ANTONIO RESERVOIR NEAR SUNOL,498,37.577227,-121.845818,PLEASANTON,2,2101,999,999,182,23,2,ALAMEDA,ALAMEDA CR,San Francisco PUC,SAN FRANCISCO BAY,14,16,45,,,,,,,,,,,,,,,,,,,,,
SOC,STOCKTON AIRPORT,27,37.889999,-121.226387,STOCKTON,6,8451,999,999,40,23,13,SAN JOAQUIN,LITTLEJOHN CR,National Weather Service,SAN JOAQUIN RIVER,2,45,,,,,,,,,,,,,,,,,,,,,,
SOI,SACRAMENTO R DOWNSTREAM OF ISLETON,5,38.17548,-121.656863,RIO VISTA,5,6501,999,999,704,16,17,SACRAMENTO,SACRAMENTO R,CA Dept of Water Resources/North Central Region Office,SACRAMENTO RIVER,1,20,21,25,61,100,221,222,223,224,,,,,,,,,,,,,,
SOK,STANISLAUS RIVER AT OAKDALE,120,37.777,-120.852,OAKDALE,6,8501,999,999,58,24,0,STANISLAUS,STANISLAUS R,US Geological Survey,SAN JOAQUIN RIVER,14,25,,,,,,,,,,,,,,,,,,,,,,
SOL,LAKE SOLANO,150,38.5,-122,WINTERS,5,8001,999,999,221,16,0,SOLANO,PUTAH CR,Solano County Water Agency,SACRAMENTO RIVER,15,,,,,,,,,,,,,,,,,,,,,,,
SPB,SAN PABLO,330,37.9423,-122.2587,SAN PABLO,2,2801,999,999,86,21,0,CONTRA COSTA,SF BAY,East Bay Municipal Utility District,SAN FRANCISCO BAY,15,,,,,,,,,,,,,,,,,,,,,,,
SPE,SAC REGIONAL WASTEWATER TREATMENT PLANT,0,38.441,-121.502,SACRAMENTO,5,6501,999,999,134,17,0,SACRAMENTO,SACRAMENTO R,Sacramento County,SACRAMENTO RIVER,20,,,,,,,,,,,,,,,,,,,,,,,
SR3,THREE MILE SLOUGH AT SAN JOAQUIN R,8,38.090109,-121.686771,RIO VISTA,5,9001,999,999,704,16,2,SACRAMENTO,SAN JOAQUIN R,CA Dept of Water Resources/North Central Region Office,SACRAMENTO RIVER,1,14,100,146,,,,,,,,,,,,,,,,,,,,
SRH,SACRAMENTO RIVER AT HOOD,4,38.36798096,-121.5199585,HOOD,5,6501,999,999,705,999,0,SACRAMENTO,SACRAMENTO R,CA Dept of Water Resources/Div of Environmental Services,SACRAMENTO RIVER,4,5,9,10,14,25,26,27,28,61,62,100,101,109,112,179,,,,,,,,
SRJ,STANISLAUS R NEAR JACOB MEYERS PARK,98,37.7469,-120.9713,RIVERBANK,6,8501,999,999,801,24,0,SAN JOAQUIN,STANISLAUS R,CA Dept of Fish and Wildlife,SAN JOAQUIN RIVER,25,,,,,,,,,,,,,,,,,,,,,,,
SRN,SAN RAMON CK AT SAN RAMON,530,37.77306,-121.99361,SAN RAMON,2,2001,999,999,58,22,2,CONTRA COSTA,EAST BAY,US Geological Survey,SAN FRANCISCO BAY,1,14,20,165,,,,,,,,,,,,,,,,,,,,
SRO,SANTA ROSA,109,38.445,-122.753,,1,1601,999,999,149,16,0,SONOMA,RUSSIAN R,Sonoma County,NORTH COAST,2,,,,,,,,,,,,,,,,,,,,,,,
SRV,SACRAMENTO RIVER AT RIO VISTA (USGS),0,38.16,-121.686,RIO VISTA,5,6501,999,999,58,17,0,SOLANO,SACRAMENTO R,US Geological Survey,SACRAMENTO RIVER,1,20,21,25,100,221,,,,,,,,,,,,,,,,,,
SSI,SACRAMENTO R NR SHERMAN ISLAND,0,38.074097,-121.761736,RIO VISTA,5,6501,999,999,705,16,21,SACRAMENTO,SACRAMENTO R,CA Dept of Water Resources/Div of Environmental Services,SACRAMENTO RIVER,14,25,27,28,61,62,100,,,,,,,,,,,,,,,,,
SSJ,SOUTH SAN JOAQUIN CANAL,334,37.854,-120.637,KNIGHTS FERRY,6,8401,999,999,58,24,0,AMADOR,CALAVERAS R,US Geological Survey,SAN JOAQUIN RIVER,23,69,,,,,,,,,,,,,,,,,,,,,,
SSS,STEAMBOAT SLOUGH BTW SAC R AND SUTTER SL,10,38.285,-121.587,OXFORD,5,6501,999,999,58,17,0,SACRAMENTO,SACRAMENTO R,US Geological Survey,SACRAMENTO RIVER,1,20,21,25,61,100,221,,,,,,,,,,,,,,,,,
STA,SANTA ROSA (CDF),560,38.479,-122.712,SANTA ROSA,1,1601,999,999,3,16,0,SONOMA,RUSSIAN R,CA Dept of Forestry and Fire Protection,NORTH COAST,2,4,9,10,11,12,13,14,26,30,31,32,45,77,78,,,,,,,,,
STH,NAPA RIVER NEAR ST HELENA,195,38.51129913,-122.4558105,ST HELENA,2,1901,700,999,58,16,0,NAPA,NAPA R,US Geological Survey,SAN FRANCISCO BAY,1,14,20,41,169,,,,,,,,,,,,,,,,,,,
STI,STATEN ISLAND,0,38.116919,-121.498851,ISLETON,5,8101,999,999,50,16,0,SAN JOAQUIN,DELTA,US Bureau of Reclamation,SACRAMENTO RIVER,14,25,100,,,,,,,,,,,,,,,,,,,,,
STK,STOCKTON FIRE STATION 4,12,38.001,-121.317,STOCKTON,6,9301,999,999,40,17,0,SAN JOAQUIN,SAN JOAQUIN FLOOR,National Weather Service,SAN JOAQUIN RIVER,2,,,,,,,,,,,,,,,,,,,,,,,
SUC,SUISUN CREEK AT CORDELIA RD,0,38.2242,-122.1068,FAIRFIELD,5,8101,999,999,705,16,0,SOLANO,DELTA,CA Dept of Water Resources/Div of Environmental Services,SACRAMENTO RIVER,1,14,,,,,,,,,,,,,,,,,,,,,,
SUR,SUGAR CUT,35,37.78847,-121.419333,TRACY,6,8101,999,999,704,23,2,SAN JOAQUIN,DELTA,CA Dept of Water Resources/North Central Region Office,SAN JOAQUIN RIVER,14,25,100,,,,,,,,,,,,,,,,,,,,,
SUS,STEAMBOAT SLOUGH BLW SUTTER SLOUGH,15,38.2525,-121.6014,OXFORD,5,6501,999,999,704,16,2,SACRAMENTO,SACRAMENTO R,CA Dept of Water Resources/North Central Region Office,SACRAMENTO RIVER,14,100,146,,,,,,,,,,,,,,,,,,,,,
SUT,SUTTER SLOUGH AT COURTLAND,0,38.3286,-121.5772,COURTLAND,5,6501,999,999,58,17,0,SACRAMENTO,SACRAMENTO R,US Geological Survey,SACRAMENTO RIVER,1,20,21,25,61,100,221,,,,,,,,,,,,,,,,,
SVA,SPRING VALLEY,1075,37.5625,-122.436,MILLBRAE,2,2650,999,999,182,22,2,SAN MATEO,SAN MATEO CREEK,San Francisco PUC,SAN FRANCISCO BAY,2,4,9,10,11,12,13,14,26,30,31,32,77,78,,,,,,,,,,
SWE,SACRAMENTO R AT WALNUT GROVE EC,25,38.241851,-121.514771,WALNUT GROVE,5,6501,999,999,704,16,2,SACRAMENTO,SACRAMENTO R,CA Dept of Water Resources/North Central Region Office,SACRAMENTO RIVER,14,100,146,,,,,,,,,,,,,,,,,,,,,
SXS,STEAMBOAT SLOUGH NR SACRAMENTO R,5,38.191267,-121.637881,RIO VISTA,5,6501,999,999,704,16,17,SACRAMENTO,SACRAMENTO R,CA Dept of Water Resources/North Central Region Office,SACRAMENTO RIVER,1,20,21,25,61,100,221,222,223,224,225,226,227,228,229,230,,,,,,,,
SYP,SWEENEY CREEK,121,38.445549,-121.95388,VACAVILLE,5,8011,999,999,221,16,34,SOLANO,ULATIS CR,Solano County Water Agency,SACRAMENTO RIVER,45,,,,,,,,,,,,,,,,,,,,,,,
TAF,TRAVIS AFB,59,38.2667,-121.9333,FAIRFIELD,2,8101,999,999,40,17,0,SOLANO,DELTA,National Weather Service,SAN FRANCISCO BAY,4,9,10,17,30,31,32,,,,,,,,,,,,,,,,,
TAS,TASSAJARA,30,37.787441,-121.874947,TASSAJARA,2,2001,999,999,107,23,23,CONTRA COSTA,EAST BAY,Contra Costa County,SAN FRANCISCO BAY,16,,,,,,,,,,,,,,,,,,,,,,,
TBS,TUOLUMNE RIVER NEAR BASSO BRIDGE,140,37.65067,-120.49465,LA GRANGE,6,8601,999,999,801,24,0,STANISLAUS,TUOLUMNE R,CA Dept of Fish and Wildlife,SAN JOAQUIN RIVER,25,,,,,,,,,,,,,,,,,,,,,,,
TCB,TUOLUMNE RIVER NEAR CARPENTER RD BRIDGE,48,37.6098,-121.0319,MODESTO,6,8601,999,999,801,23,0,STANISLAUS,TUOLUMNE R,CA Dept of Fish and Wildlife,SAN JOAQUIN RIVER,25,,,,,,,,,,,,,,,,,,,,,,,
TCP,TIGER CREEK POWERHOUSE,2360,38.45,-120.483,JACKSON,6,8301,999,999,60,18,0,CALAVERAS,MOKELUMNE R,Pacific Gas & Electric,SAN JOAQUIN RIVER,2,4,12,14,16,30,31,32,45,,,,,,,,,,,,,,,
TCR,TRACY CARBONA,140,37.7,-121.433,TRACY,6,9301,999,999,40,23,0,SAN JOAQUIN,SAN JOAQUIN FLOOR,National Weather Service,SAN JOAQUIN RIVER,2,,,,,,,,,,,,,,,,,,,,,,,
TDP,TULLOCK POWERHOUSE TAILRACE,360,37.876,-120.605,KNIGHTS FERRY,6,8501,999,999,801,24,0,TUOLUMNE,STANISLAUS R,CA Dept of Fish and Wildlife,SAN JOAQUIN RIVER,25,,,,,,,,,,,,,,,,,,,,,,,
TDS,TULLOCH DAM SPILLWAY,475,37.874,-120.602,KNIGHTS FERRY,6,8501,999,999,801,24,0,TUOLUMNE,STANISLAUS R,CA Dept of Fish and Wildlife,SAN JOAQUIN RIVER,25,,,,,,,,,,,,,,,,,,,,,,,
TEA,TEAL CLUB AT FRANK HORAN SLOUGH,0,38.1766,-122.0872,FAIRFIELD,5,8101,999,999,705,16,0,SOLANO,DELTA,CA Dept of Water Resources/Div of Environmental Services,SACRAMENTO RIVER,14,25,100,,,,,,,,,,,,,,,,,,,,,
TGR,TIGER CREEK PH,2360,38.45,-120.483,WEST POINT,6,8301,999,999,60,18,0,AMADOR,MOKELUMNE R,Pacific Gas & Electric,SAN JOAQUIN RIVER,2,45,,,,,,,,,,,,,,,,,,,,,,
THB,TUOLUMNE RIVER AT HICKMAN BRDG WATERFORD,100,37.63603,-120.75928,WATERFORD,6,8601,999,999,801,24,0,STANISLAUS,TUOLUMNE R,CA Dept of Fish and Wildlife,SAN JOAQUIN RIVER,25,,,,,,,,,,,,,,,,,,,,,,,
TID,TURLOCK IRRIGATION DISTRICT OFFICE,100,37.501,-120.854,TURLOCK,6,8601,203,700,203,24,0,STANISLAUS,TUOLUMNE R,Turlock Irrigation District,SAN JOAQUIN RIVER,14,,,,,,,,,,,,,,,,,,,,,,,
TIL,TID CANAL AT LA GRANGE,296,37.672,-120.443,TURLOCK,6,8601,999,999,203,24,0,STANISLAUS,TUOLUMNE R,Turlock Irrigation District,SAN JOAQUIN RIVER,20,,,,,,,,,,,,,,,,,,,,,,,
TLA,TUOLUMNE R BLW LA GRANGE DAM (CAFG),162,37.66942,-120.44377,LA GRANGE,6,8601,999,999,801,24,0,STANISLAUS,TUOLUMNE R,CA Dept of Fish and Wildlife,SAN JOAQUIN RIVER,25,,,,,,,,,,,,,,,,,,,,,,,
TLC,TURLOCK LAKE,244,37.6,-120.583,TURLOCK,6,8601,999,999,203,24,0,STANISLAUS,TUOLUMNE R,Turlock Irrigation District,SAN JOAQUIN RIVER,15,,,,,,,,,,,,,,,,,,,,,,,
TLD,TILDEN PARK,1905,37.8836,-122.2219,BERKELEY,2,2001,999,999,107,21,0,CONTRA COSTA,EAST BAY,Contra Costa County,SAN FRANCISCO BAY,16,,,,,,,,,,,,,,,,,,,,,,,
TLG,TUOLUMNE R-LA GRANGE DAM,170,37.666,-120.441,LA GRANGE,6,8601,999,722,203,24,0,STANISLAUS,TUOLUMNE R,Turlock Irrigation District,SAN JOAQUIN RIVER,8,65,66,260,261,262,263,264,265,290,,,,,,,,,,,,,,
TMP,TOMASINI POINT,40,38.117,-122.85,POINT REYES,2,1701,999,999,7,16,0,MARIN,COAST-MARIN,CA Dept of Health Services (Richmond),SAN FRANCISCO BAY,1,2,4,9,10,12,45,,,,,,,,,,,,,,,,,
TMS,THREE MILE SLOUGH,15,38.106,-121.7,ANTIOCH,5,6501,999,999,1,17,0,SACRAMENTO,SACRAMENTO R,CA Dept of Water Resources,SACRAMENTO RIVER,5,14,25,100,,,,,,,,,,,,,,,,,,,,
TPI,TOM PAINE SLOUGH ABV INTAKE STRUCTURE,9,37.7901001,-121.4185104,TRACY,6,9001,999,999,1,999,0,SAN JOAQUIN,SAN JOAQUIN R,CA Dept of Water Resources,SAN JOAQUIN RIVER,1,14,25,100,141,,,,,,,,,,,,,,,,,,,
TPP,TOM PAINE SLOUGH NR PESCADERO,10,37.76728439,-121.3510284,TRACY,6,9001,999,999,703,999,0,SAN JOAQUIN,SAN JOAQUIN R,CA Dept of Water Resources/Operations and Maintenance,SAN JOAQUIN RIVER,1,14,141,,,,,,,,,,,,,,,,,,,,,
TPS,TOM PAINE SLOUGH ABV THE MOUTH,9,37.79053497,-121.4186325,TRACY,6,9001,999,999,704,999,0,SAN JOAQUIN,SAN JOAQUIN R,CA Dept of Water Resources/North Central Region Office,SAN JOAQUIN RIVER,1,14,25,100,141,144,,,,,,,,,,,,,,,,,,
TRN,TURNER CUT NEAR HOLT,0,37.9928,-121.4542,HOLT,6,9001,999,999,5,23,0,SAN JOAQUIN,SAN JOAQUIN R,USGS/DWR,SAN JOAQUIN RIVER,1,5,20,21,25,28,61,62,100,221,,,,,,,,,,,,,,
TRP,TRACY PUMPING PLANT,3,37.8,-121.585,TRACY,6,9001,999,999,703,23,0,SAN JOAQUIN,SAN JOAQUIN R,CA Dept of Water Resources/Operations and Maintenance,SAN JOAQUIN RIVER,27,28,61,62,70,100,101,109,112,146,148,149,150,151,152,153,179,266,267,268,269,,,
TRT,TULUMNE R AT TUOLUMNE CITY,53,37.60314,-121.13131,MODESTO,6,8601,999,999,713,22,2,STANISLAUS,TUOLUMNE R,CA Dept of Water Resources/O&M San Joaquin Field Division,SAN JOAQUIN RIVER,1,14,20,,,,,,,,,,,,,,,,,,,,,
TRW,TUOLUMNE R AT WATERFORD,100,37.6336,-120.76556,WATERFORD,6,8601,999,999,706,24,2,STANISLAUS,TUOLUMNE R,CA Dept of Water Resources/South Central Region Office,SAN JOAQUIN RIVER,1,14,20,,,,,,,,,,,,,,,,,,,,,
TSB,TUOLUMNE RIVER AT SHILOH BRIDGE,36,37.60273,-121.13138,MODESTO,6,8601,999,999,801,23,0,STANISLAUS,TUOLUMNE R,CA Dept of Fish and Wildlife,SAN JOAQUIN RIVER,25,,,,,,,,,,,,,,,,,,,,,,,
TSF,TUOLUMNE RIVER NEAR SANTE FE BRIDGE,45,37.62291,-120.89874,HUGHSON,6,8601,999,999,801,24,0,STANISLAUS,TUOLUMNE R,CA Dept of Fish and Wildlife,SAN JOAQUIN RIVER,25,,,,,,,,,,,,,,,,,,,,,,,
TSL,THREEMILE SLOUGH AT SAN JOAQUIN RIVER,10,38.1033,-121.6861,ANTIOCH,5,6501,999,999,5,16,0,SACRAMENTO,SACRAMENTO R,USGS/DWR,SACRAMENTO RIVER,1,20,21,25,61,100,221,222,223,224,225,226,227,228,229,230,,,,,,,,
TTS,TUOLUMNE R AT TURLOCK LK ST REC CAMPGRD,110,37.63153,-120.5829,WATERFORD,6,8601,999,999,801,24,0,STANISLAUS,TUOLUMNE R,CA Dept of Fish and Wildlife,SAN JOAQUIN RIVER,25,,,,,,,,,,,,,,,,,,,,,,,
TUL,TULLOCH,515,37.875,-120.603,SONORA,6,8501,999,999,50,24,0,CALAVERAS,STANISLAUS R,US Bureau of Reclamation,SAN JOAQUIN RIVER,6,15,22,23,48,71,74,76,85,94,200,,,,,,,,,,,,,
TWA,OLD RIVER AT TRACY WILDLIFE ASSOCIATION,0,37.8028,-121.4574,TRACY,6,9001,999,999,704,23,17,SAN JOAQUIN,SAN JOAQUIN R,CA Dept of Water Resources/North Central Region Office,SAN JOAQUIN RIVER,25,28,61,62,100,221,,,,,,,,,,,,,,,,,,
TWI,SAN JOAQUIN RIVER AT TWITCHELL ISLAND,0,38.0969,-121.6691,RIO VISTA,6,9001,999,999,705,16,21,SACRAMENTO,SAN JOAQUIN R,CA Dept of Water Resources/Div of Environmental Services,SAN JOAQUIN RIVER,14,25,27,28,61,62,100,,,,,,,,,,,,,,,,,
UCS,UPPER CACHE SLOUGH,0,38.27555556,-121.7091667,RIO VISTA,5,6501,999,999,58,16,22,SOLANO,SACRAMENTO R,US Geological Survey,SACRAMENTO RIVER,1,20,21,25,100,221,,,,,,,,,,,,,,,,,,
ULC,ULTATIS CREEK,0,38.29416667,-121.7597222,ELMIRA,5,8101,999,999,58,16,22,SOLANO,DELTA,US Geological Survey,SACRAMENTO RIVER,1,20,21,25,100,221,,,,,,,,,,,,,,,,,,
ULT,ULATIS CREEK AT PLEASANTS VALLEY ROAD,362,38.40508,-122.04255,VACAVILLE,2,8101,221,221,221,0,99,SOLANO,DELTA,Solano County Water Agency,SAN FRANCISCO BAY,1,,,,,,,,,,,,,,,,,,,,,,,
UNI,UNION ISLAND,0,37.822101,-121.37499,BYRON,5,8101,999,999,50,22,0,SAN JOAQUIN,DELTA,US Bureau of Reclamation,SACRAMENTO RIVER,14,25,100,,,,,,,,,,,,,,,,,,,,,
USL,U SAN LEANDRO,477,37.7644,-122.1016,OAKLAND,2,2101,999,999,86,21,0,ALAMEDA,ALAMEDA CR,East Bay Municipal Utility District,SAN FRANCISCO BAY,15,,,,,,,,,,,,,,,,,,,,,,,
VBR,WILDCAT CREEK AT VALE,84,37.95319298,-122.3383026,SAN PABLO,2,2001,999,999,107,21,23,CONTRA COSTA,EAST BAY,Contra Costa County,SAN FRANCISCO BAY,1,,,,,,,,,,,,,,,,,,,,,,,
VCU,VICTORIA CANAL NEAR BYRON,0,37.8717,-121.5283,STOCKTON,6,8101,999,999,5,23,0,SAN JOAQUIN,DELTA,USGS/DWR,SAN JOAQUIN RIVER,1,5,20,21,25,27,28,41,61,62,100,,,,,,,,,,,,,
VER,VERNALIS (USBR),0,37.679376,-121.265002,MODESTO,6,9001,999,999,50,22,0,SAN JOAQUIN,SAN JOAQUIN R,US Bureau of Reclamation,SAN JOAQUIN RIVER,14,25,100,,,,,,,,,,,,,,,,,,,,,
VEW,VACAVILLE EASTERLY WASTE WATER TREATMENT,62,38.343177,-121.904634,ELMIRA,2,8101,221,221,221,0,99,SOLANO,DELTA,Solano County Water Agency,SAN FRANCISCO BAY,45,,,,,,,,,,,,,,,,,,,,,,,
VIC,VICTORIA ISLAND,0,37.890763,-121.488324,BYRON,5,8101,999,999,50,22,0,SAN JOAQUIN,DELTA,US Bureau of Reclamation,SACRAMENTO RIVER,14,25,100,146,,,,,,,,,,,,,,,,,,,,
VNE,VENICE ISLAND,0,38.05,-121.496,LODI,5,8101,999,999,1,17,0,SAN JOAQUIN,DELTA,CA Dept of Water Resources,SACRAMENTO RIVER,1,2,14,,,,,,,,,,,,,,,,,,,,,
VNI,SAN JOAQUIN RIVER AT VENICE ISLAND,0,38.05017853,-121.4966965,LODI,5,9001,999,999,703,999,0,SAN JOAQUIN,SAN JOAQUIN R,CA Dept of Water Resources/Operations and Maintenance,SACRAMENTO RIVER,1,2,14,17,45,141,,,,,,,,,,,,,,,,,,
VNS,SAN JOAQUIN RIVER NEAR VERNALIS,35,37.67604065,-121.2663269,MODESTO,6,9001,700,999,5,23,0,SAN JOAQUIN,SAN JOAQUIN R,USGS/DWR,SAN JOAQUIN RIVER,1,14,20,41,146,169,,,,,,,,,,,,,,,,,,
VOL,VOLANTI,8,38.181,-122.046,FAIRFIELD,5,8101,999,999,705,16,0,SOLANO,DELTA,CA Dept of Water Resources/Div of Environmental Services,SACRAMENTO RIVER,1,5,14,25,27,28,61,62,100,,,,,,,,,,,,,,,
VRN,VIEIRA RANCH,372,37.665,-121.469,TRACY,6,9001,999,999,139,23,0,SAN JOAQUIN,SAN JOAQUIN R,San Joaquin County,SAN JOAQUIN RIVER,16,,,,,,,,,,,,,,,,,,,,,,,
VSB,VALLECITOS,635,37.5985,-121.8193,PLEASANTON,2,2801,999,999,703,23,0,ALAMEDA,SF BAY,CA Dept of Water Resources/Operations and Maintenance,SAN FRANCISCO BAY,25,27,62,100,114,146,149,,,,,,,,,,,,,,,,,
WBR,MOKELUMNE RIVER AT WOODBRIDGE,46,38.159,-121.302,WOODBRIDGE,6,8301,999,999,86,17,0,SAN JOAQUIN,MOKELUMNE R,East Bay Municipal Utility District,SAN JOAQUIN RIVER,1,,,,,,,,,,,,,,,,,,,,,,,
WCI,WEST CANAL AT CLIFTON COURT INTAKE,0,37.8316,-121.554,BYRON,6,9001,999,999,704,23,0,CONTRA COSTA,SAN JOAQUIN R,CA Dept of Water Resources/North Central Region Office,SAN JOAQUIN RIVER,1,20,21,25,28,61,62,100,221,,,,,,,,,,,,,,,
WCY,WALNUT CREEK AT YGNACIO VALLEY ROAD,99,37.9069,-122.0567,WALNUT CREEK,2,2001,999,999,107,22,0,CONTRA COSTA,EAST BAY,Contra Costa County,SAN FRANCISCO BAY,1,,,,,,,,,,,,,,,,,,,,,,,
WDB,WALNUT CREEK AT DIAMOND,24,37.9694517,-122.053855,WALNUT CREEK,2,2001,999,999,107,21,23,CONTRA COSTA,EAST BAY,Contra Costa County,SAN FRANCISCO BAY,1,,,,,,,,,,,,,,,,,,,,,,,
WDN,WIEDEMANN HILL,1850,37.738206,-121.994839,SAN RAMON,2,8101,107,107,107,0,99,CONTRA COSTA,DELTA,Contra Costa County,SAN FRANCISCO BAY,16,,,,,,,,,,,,,,,,,,,,,,,
WGS,SACRAMENTO R AT WALNUT GROVE STAGE,22,38.239414,-121.51672,WALNUT GROVE,5,6501,999,999,704,16,2,SACRAMENTO,SACRAMENTO R,CA Dept of Water Resources/North Central Region Office,SACRAMENTO RIVER,1,14,,,,,,,,,,,,,,,,,,,,,,
WLB,WILLOW BROOK NEAR STONY POINT ROAD,30,38.275,-122.711,PETALUMA,2,1801,999,999,75,16,0,SONOMA,PETALUMA R,City of Petaluma,SAN FRANCISCO BAY,1,,,,,,,,,,,,,,,,,,,,,,,
WMR,WALNUT CREEK AT MARSH DRIVE,14,37.99900253,-122.0563143,CONCORD,2,2001,999,999,107,21,23,CONTRA COSTA,EAST BAY,Contra Costa County,SAN FRANCISCO BAY,1,,,,,,,,,,,,,,,,,,,,,,,
WNT,WINTERS,135,38.517,-121.967,DAVIS,5,8001,999,999,40,17,0,YOLO,PUTAH CR,National Weather Service,SACRAMENTO RIVER,2,,,,,,,,,,,,,,,,,,,,,,,
WPT,WEST POINT,2775,38.377,-120.545,MOKELUMNE HILL,6,8301,999,999,40,18,0,CALAVERAS,MOKELUMNE R,National Weather Service,SAN JOAQUIN RIVER,2,,,,,,,,,,,,,,,,,,,,,,,
WSF,WEAPONS STATION FIRE,49,38.019,-122.02,CLYDE,2,2001,999,999,107,16,23,CONTRA COSTA,EAST BAY,Contra Costa County,SAN FRANCISCO BAY,16,,,,,,,,,,,,,,,,,,,,,,,
WWS,WESTLEY WEATHER STATION,88,37.5172,-121.2308,WESTLEY,6,9001,999,999,150,23,0,STANISLAUS,SAN JOAQUIN R,Stanislaus County,SAN JOAQUIN RIVER,2,4,9,10,11,12,13,14,26,77,78,,,,,,,,,,,,,
YGF,YGNACIO VALLEY FIRE,83,37.938,-122.028,CONCORD,2,2001,999,999,107,22,0,CONTRA COSTA,EAST BAY,Contra Costa County,SAN FRANCISCO BAY,2,16,45,,,,,,,,,,,,,,,,,,,,,
